sub_cat,ID,cells_touched,cell_equivalents
1,1,4,0.28259739079048757
10,2,3,0.429563745609537
100,3,3,0.23586257228175092
1000,4,13,4.390533334358463
1001,5,7,1.8843796334178933
1002,6,9,3.0575495578562095
1003,7,11,4.94454696180007
1004,8,11,4.480037550167036
1005,9,10,4.258216058461131
1006,10,5,0.48048260987774133
1007,11,7,1.3124195329694128
1008,12,7,1.7871490306675202
1009,13,4,0.23536535272809944
101,14,4,0.32378660667782755
1010,15,4,0.9341950561626362
1011,16,10,2.1724937309573567
1012,17,6,0.35388386058041854
1013,18,6,1.2344651754649882
1014,19,8,2.0591605075304575
1015,20,3,0.580846852295371
1016,21,7,1.553951194965115
1017,22,6,1.709338419487781
1018,23,4,0.37994219893647574
1019,24,4,0.3925566373345211
102,25,3,0.49999385771638793
1020,26,4,0.5255248515739851
1021,27,6,0.6454947055322572
1022,28,4,0.7026328881180641
1023,29,4,0.49768015286339756
1024,30,2,0.32983010042644123
1025,31,2,0.3089944125798827
1026,32,2,0.2620395741019501
1027,33,5,0.5242366801096225
1028,34,8,1.5139340416297062
1029,35,6,0.9064774277006854
103,36,4,0.3248598042680812
1030,37,4,0.3992610858150701
1031,38,6,0.6266907605830725
1032,39,5,0.8132607389111515
1033,40,3,0.28911908572308703
1034,41,6,1.0215262173804422
1035,42,6,0.9890631683610273
1036,43,4,0.31534763375266694
1037,44,8,1.080828375141624
1038,45,5,1.0090211255945396
1039,46,7,0.4160620639873635
104,47,3,0.45339156768999367
1040,48,5,1.0523070581910503
1041,49,6,1.163894395506853
1042,50,4,0.3444545470126234
1043,51,5,1.0975529299536066
1044,52,6,0.7523518522655273
1045,53,4,0.3950422235468621
1046,54,8,1.0979980267653966
1047,55,5,0.995102639709797
1048,56,5,0.6309747467311155
1049,57,5,1.033078358850246
105,58,4,0.811246255325942
1050,59,5,0.7622598927002635
1051,60,5,0.465018833356545
1052,61,4,0.7161517154583158
1053,62,5,0.6582772104965162
1054,63,3,0.5008062646102598
1055,64,4,0.45397792853165087
1056,65,4,0.515816194873238
1057,66,5,1.047502223322538
1058,67,6,1.2016701519387352
1059,68,6,1.0988552564125527
106,69,3,0.23070861725978636
1060,70,5,0.6917692383418247
1061,71,4,0.8416295447547517
1062,72,4,0.6779161851501695
1063,73,4,0.21012390002954315
1064,74,4,0.4433797649465304
1065,75,5,1.035938551973624
1066,76,6,1.4633439459476245
1067,77,8,1.7317539246123503
1068,78,6,1.7377289479130817
1069,79,4,0.425128473811278
107,80,5,1.0371844682001792
1070,81,6,0.8197399820420712
1071,82,6,1.1431428681051772
1072,83,2,0.4367981831403128
1073,84,3,0.5670067119943127
1074,85,7,2.0100889202369947
1075,86,7,1.0568228680040521
1076,87,10,2.1816708589372995
1077,88,7,1.6332700068517851
1078,89,5,0.6734748880727722
1079,90,6,1.246607979633683
108,91,6,1.0139367080966515
1080,92,5,1.2159318563707708
1081,93,1,0.05893606062299798
1082,94,7,1.5234345468548638
1083,95,7,1.5911467696641495
1084,96,2,0.15925795648087643
1085,97,5,0.8001015958707598
1086,98,4,1.0433246773189782
1087,99,4,0.21585136444050512
1088,100,5,0.7436643298019812
1089,101,4,0.6147265771836958
109,102,2,0.08109562329796044
1090,103,5,0.9024286566717388
1091,104,5,1.1439960841615937
1092,105,5,0.9417449182565343
1093,106,6,0.5358499347388446
1094,107,5,1.129127309767486
1095,108,6,0.6320905982011124
1096,109,8,1.2675986144511278
1097,110,8,2.3466239860925966
1098,111,8,2.3363809548075745
1099,112,8,1.1601283828122841
11,113,4,0.63127625474001825
110,114,6,0.5622324539565561
1100,115,14,2.8145132240286386
1101,116,12,3.9165572100992843
1102,117,11,1.8826974821845763
1103,118,8,1.9165875505888297
1104,119,6,2.6203178267622924
1105,120,9,2.156460944144587
1106,121,20,4.754874895245178
1107,122,17,7.514820090119237
1108,123,8,1.8819527897944932
1109,124,11,2.912681869237104
111,125,5,1.9346861042520045
1110,126,10,3.2187999000286034
1111,127,8,1.1777483460304101
1112,128,10,2.371014412308409
1113,129,7,2.1364949551125663
1114,130,4,0.4713021908945028
1115,131,6,1.1635726034925045
1116,132,6,0.6281914764434877
1117,133,4,0.3353907065377995
1118,134,5,0.781144078075432
1119,135,4,0.9764522745619025
112,136,7,0.38378548867704876
1120,137,4,0.7725872972151049
1121,138,6,1.145958092386355
1122,139,4,1.1686661196109644
1123,140,4,0.3303522108808839
1124,141,5,1.3870840601002405
1125,142,6,0.9816145135588056
1126,143,2,0.3312393287058001
1127,144,8,1.6057976984191802
1128,145,5,0.9987836660764324
1129,146,10,1.6239139473164947
113,147,10,1.9660478952499738
1130,148,11,2.4978432183015458
1131,149,6,2.0559430480872383
1132,150,8,1.1185735752941686
1133,151,14,2.6693421407020814
1134,152,9,2.1958146174539555
1135,153,4,0.4311346462688438
1136,154,11,1.3478049291748724
1137,155,5,1.741979682608406
1138,156,12,2.462797127921348
1139,157,15,4.897389270346784
114,158,7,1.9218510626808827
1140,159,15,4.777323205370659
1141,160,9,1.4406380488692183
1142,161,12,3.4796272820268532
1143,162,8,1.837716341995475
1144,163,6,0.96624624103526
1145,164,9,1.9034075595771733
1146,165,7,2.1947758247147235
1147,166,3,0.1430624018170874
1148,167,9,1.2524742639200732
1149,168,8,1.4475783654780088
115,169,2,0.13703672633848954
1150,170,6,0.7683886503179468
1151,171,8,1.5667169295678494
1152,172,7,1.036562361282312
1153,173,8,0.8978906184402025
1154,174,7,1.450150373811363
1155,175,6,1.102781661730895
1156,176,7,0.5757674142656292
1157,177,7,0.8134401314570398
1158,178,5,0.7345663205490818
1159,179,5,0.48018547516975907
116,180,4,0.8414908323159441
1160,181,6,1.0690696008076561
1161,182,4,0.64448316419046
1162,183,6,0.5431484772139544
1163,184,7,0.9827736562973197
1164,185,4,0.6485289284565797
1165,186,3,0.4714105985823676
1166,187,6,1.0867005893672643
1167,188,7,1.0133706359223218
1168,189,4,0.8137694724606045
1169,190,7,1.5305884192469488
117,191,4,1.2363774557239235
1170,192,6,1.7156677901889648
1171,193,7,1.0295807020039462
1172,194,8,1.2129675593916078
1173,195,5,0.9064534817954127
1174,196,4,0.7699919516979725
1175,197,5,0.7621380092296022
1176,198,5,0.48482113610432365
1177,199,4,0.4715882985965136
1178,200,5,0.7825704777398748
1179,201,4,0.9146627797068458
118,202,4,0.34222596233354813
1180,203,4,0.7548378918576591
1181,204,7,0.8883365895154596
1182,205,6,1.2669310560409435
1183,206,4,0.6231248367760223
1184,207,6,0.7809140249017847
1185,208,4,0.8120853252707184
1186,209,4,0.6286263662628904
1187,210,5,0.9297036867285245
1188,211,6,0.7119419127311677
1189,212,4,0.18459717552111748
119,213,6,0.6368007559430197
1190,214,8,0.7796818291291395
1191,215,3,0.8876274309555114
1192,216,4,0.45002521988357264
1193,217,6,1.3314912742609537
1194,218,7,1.1816966301948701
1195,219,2,0.1163114974944441
1196,220,4,0.31247889506723314
1197,221,4,0.39363165202704853
1198,222,2,0.2250837442031394
1199,223,5,0.5407681051931881
12,224,3,0.5029302131750809
120,225,7,0.9192955562100306
1200,226,4,0.9396903383173022
1201,227,7,0.6558843670661343
1202,228,9,1.2204842016518362
1203,229,5,1.043271319410234
1204,230,1,0.02293038954445326
1205,231,3,0.5298150885177706
1206,232,3,0.7103674721407938
1207,233,1,0.03121022529785951
1208,234,3,0.6705315997912488
1209,235,6,1.2040586470413384
121,236,4,0.314951284724538
1210,237,3,0.03349387851937407
1211,238,4,0.2768934757246147
1212,239,4,0.5176191400173401
1213,240,4,0.12120496463984513
1214,241,4,0.2010866764146044
1215,242,4,0.32369462095615353
1216,243,2,0.05234814377959548
1217,244,4,0.20401991180111792
1218,245,7,1.8703540384025035
1219,246,3,0.17664278756918125
122,247,6,1.0791332342403845
1220,248,5,0.6518838766008057
1221,249,6,1.4573881289004338
1222,250,4,0.09368876017377446
1223,251,5,0.38700588544759884
1224,252,6,0.9591355693705871
1225,253,2,0.15361611512196716
1226,254,3,0.36023813828409745
1227,255,6,0.6710209500187062
1228,256,4,0.37143273990256737
1229,257,5,0.5539916595156474
123,258,5,0.9672504795851625
1230,259,3,0.3693712275932264
1231,260,4,0.239690720799325
1232,261,4,0.34565249981754725
1233,262,5,0.6004934739506999
1234,263,5,0.45071581645619363
1235,264,7,1.0223467920616227
1236,265,7,1.1473312454730447
1237,266,7,0.6564795459048561
1238,267,8,1.4667049382781034
1239,268,6,1.4842981139256712
124,269,8,0.5294275659399034
1240,270,4,0.5296708205048255
1241,271,5,0.661391204936788
1242,272,4,0.7269472514494775
1243,273,3,0.2909362107487909
1244,274,4,0.6725770098423496
1245,275,6,0.6627186357605348
1246,276,4,0.26748078739171427
1247,277,4,0.5175624805340336
1248,278,3,0.37925006397480665
1249,279,6,0.76802795996323
125,280,9,1.1802850811287662
1250,281,6,0.6643468365589841
1251,282,4,0.4535001742443389
1252,283,4,0.2677090647643818
1253,284,6,0.9126775177880406
1254,285,4,0.8683720473024896
1255,286,2,0.1937830547005377
1256,287,5,0.8032976597125788
1257,288,4,0.5920936787258007
1258,289,5,0.40995071603306277
1259,290,8,0.9034861495236371
126,291,9,2.5849962595502154
1260,292,6,0.5968096286403386
1261,293,3,0.44928536173729716
1262,294,6,1.2024370558464261
1263,295,4,0.9156517667985106
1264,296,3,0.2417473061904184
1265,297,6,0.9851786881377922
1266,298,5,1.2438155574575396
1267,299,3,0.2155582591912087
1268,300,4,0.3220319448680901
1269,301,4,0.2917442975232331
127,302,7,0.781547524084416
1270,303,2,0.029134827336564594
1271,304,5,0.8984755878911114
1272,305,7,1.8078615218627283
1273,306,4,0.22619426094086117
1274,307,5,0.6209414334124663
1275,308,3,0.6896343856095445
1276,309,4,0.35527667427435483
1277,310,5,0.61517807528544
1278,311,4,0.4355891443183394
1279,312,7,0.778428295346293
128,313,11,2.6950587595945854
1280,314,9,1.3165285399698552
1281,315,6,0.7871670928326515
1282,316,8,0.7377875226370292
1283,317,7,0.7500513219686153
1284,318,3,0.8011613364178273
1285,319,4,0.46216741281770074
1286,320,5,0.7580872935894258
1287,321,6,0.5772249443547028
1288,322,2,0.16783867131708444
1289,323,3,0.294075691621955
129,324,12,4.590323203265125
1290,325,3,0.26516115616279984
1291,326,6,0.4288215565654147
1292,327,5,0.7481579001551947
1293,328,4,0.6222273458424264
1294,329,4,0.6020895114400936
1295,330,4,1.0998270067250149
1296,331,4,1.0076035655040252
1297,332,8,0.5678287472757428
1298,333,8,0.9233390744062255
1299,334,7,2.1123577385273826
13,335,4,0.4415441254579315
130,336,8,0.9574342179072675
1300,337,5,0.48296411843979836
1301,338,7,0.5929500659410877
1302,339,4,0.7079076212227606
1303,340,3,0.24289962729457884
1304,341,2,0.44888965078055
1305,342,4,0.5811005297149192
1306,343,3,0.11041113364202168
1307,344,6,0.8629049433704649
1308,345,3,0.5416744039951128
1309,346,3,0.1567659703526879
131,347,5,0.842656281788666
1310,348,4,0.43420656480621234
1311,349,4,0.5333463196019025
1312,350,4,0.06867653116508905
1313,351,5,0.638118521457931
1314,352,3,1.0281316396995877
1315,353,3,0.20467898341888688
1316,354,5,0.5533354289162195
1317,355,4,0.6781771130446573
1318,356,3,0.48881001488185016
1319,357,3,0.6223842894641685
132,358,3,0.24785563877177982
1320,359,8,1.6081210201420366
1321,360,2,0.3575860462872563
1322,361,3,0.47759689662088123
1323,362,4,0.6449739009755118
1324,363,2,0.22373244353312885
1325,364,3,0.40658215425419086
1326,365,8,1.5500785838304223
1327,366,4,0.4243417218899328
1328,367,4,0.46505979627822225
1329,368,3,0.5287890967679723
133,369,6,0.5740098638396869
1330,370,4,0.16206567695747376
1331,371,3,0.15310918771992507
1332,372,2,0.5301807492951848
1333,373,5,0.4681277199199158
1334,374,9,1.1028520231944265
1335,375,5,0.720272655567157
1336,376,6,0.592471544479201
1337,377,8,1.7846852191432283
1338,378,7,1.1179801720232945
1339,379,3,0.38802820186024267
134,380,7,0.6587460066102647
1340,381,5,0.5649049560014165
1341,382,3,0.7067864716871816
1342,383,5,0.530896523654876
1343,384,8,1.2807375260294198
1344,385,5,0.9531523890490753
1345,386,6,0.7568733467423949
1346,387,9,2.1903773297440425
1347,388,6,1.3519210715991352
1348,389,4,0.32403149983262225
1349,390,7,1.0091371749415596
135,391,4,0.69563102990560155
1350,392,5,0.6636163046129722
1351,393,7,0.3879149357347259
1352,394,7,0.6374755098648084
1353,395,2,0.4463255165593806
1354,396,4,0.29431997697194884
1355,397,8,1.145120055873388
1356,398,7,1.4638397322176664
1357,399,4,0.24112043314083662
1358,400,6,0.4751941295683696
1359,401,5,0.5761610400611188
136,402,4,0.23786181584042382
1360,403,4,0.4436799846567232
1361,404,7,1.397053242670736
1362,405,8,2.1191502046639075
1363,406,6,0.8261828038243318
1364,407,5,1.090578176681746
1365,408,5,0.8218024278664622
1366,409,4,0.3468251041333087
1367,410,5,0.5356106700361639
1368,411,6,0.8507819159954094
1369,412,5,0.8162436357828786
137,413,6,0.401688072031883
1370,414,9,1.4777493255853307
1371,415,9,2.0908975979991733
1372,416,4,0.38340152662835847
1373,417,5,0.4878020268420098
1374,418,2,0.31491507753674663
1375,419,8,1.1252108199984674
1376,420,8,1.0340302110731026
1377,421,4,0.8537709112452665
1378,422,10,3.3141177108515674
1379,423,8,2.084574497158474
138,424,5,0.9307600391185825
1380,425,6,1.1686763061475849
1381,426,6,0.9472837338967238
1382,427,7,0.7690746416898545
1383,428,6,1.50122396352584
1384,429,2,0.4550281504274012
1385,430,5,0.9691335884795427
1386,431,7,1.3208741400338966
1387,432,4,0.9375753604833998
1388,433,9,1.6081256331944536
1389,434,11,4.3656186193405295
139,435,6,0.7822373763868803
1390,436,4,0.6159908989850374
1391,437,5,1.0209254123460767
1392,438,6,1.1927951381731245
1393,439,5,0.6879020050998632
1394,440,9,2.1766758951069494
1395,441,9,3.352807165687365
1396,442,2,0.2914787027616691
1397,443,9,1.339662764589124
1398,444,8,2.3431079707595233
1399,445,7,1.354134140724841
14,446,5,0.7408404537330943
140,447,6,0.7200670504559188
1400,448,6,1.012589619983432
1401,449,5,1.5747764208200177
1402,450,5,0.8236948547589523
1403,451,8,2.4132821784107876
1404,452,6,1.8002501420136368
1405,453,8,2.0822615943611478
1406,454,15,2.7370856705916
1407,455,10,2.48621127845847
1408,456,8,2.300155304128557
1409,457,13,2.8769831741820515
141,458,4,0.7763043461855913
1410,459,8,3.1907656746199113
1411,460,19,3.8680963179413883
1412,461,20,7.299119158206185
1413,462,12,4.270179586063896
1414,463,11,1.9109710733981864
1415,464,14,4.306314012985549
1416,465,13,4.169063981893268
1417,466,10,1.8848049496166819
1418,467,13,3.9317747505328873
1419,468,11,3.1116895495032493
142,469,5,0.30461426955027526
1420,470,6,0.80424087124692345
1421,471,10,3.368286007888812
1422,472,5,0.8312317575809659
1423,473,8,2.649665758218985
1424,474,16,7.560876829851313
1425,475,8,2.7514380568205716
1426,476,7,1.6721055003220262
1427,477,9,1.5556776953845084
1428,478,11,3.341208013650128
1429,479,11,2.6842410675482555
143,480,6,0.850398610601772
1430,481,8,1.889367368301759
1431,482,7,1.9242055455471516
1432,483,2,0.25497895567358264
1433,484,4,0.48326475303791305
1434,485,2,0.18665617322275982
1435,486,5,0.30654379063709214
1436,487,3,0.27162826790701505
1437,488,2,0.2074044092813105
1438,489,3,0.5083607845740319
1439,490,3,0.2691192273447788
144,491,6,0.7865052575403981
1440,492,3,0.19317994281807957
1441,493,6,0.3745848301866758
1442,494,4,0.36646891373165436
1443,495,4,0.3220009200499427
1444,496,4,0.20341609397677038
1445,497,4,0.418941719478643
1446,498,4,0.45528310036123126
1447,499,6,0.43360268800446483
1448,500,6,0.5524222078293453
1449,501,5,0.3928365943512608
145,502,2,0.09738519843030319
1450,503,4,0.3328071925605316
1451,504,4,0.5362299833825168
1452,505,2,0.19654588263892486
1453,506,4,0.36789968030022974
1454,507,4,0.4927291169000618
1455,508,3,0.3359116733187445
1456,509,5,0.37296828928404047
1457,510,5,0.5916299453413066
1458,511,6,0.5062517423276257
1459,512,4,0.3533901376787879
146,513,4,0.28420650960308963
1460,514,4,0.5172885595477419
1461,515,4,0.40453520002006355
1462,516,4,0.27351829616818196
1463,517,4,0.18495791476349305
1464,518,2,0.0710495239931362
1465,519,5,0.3852959453185601
1466,520,3,0.313722441319881
1467,521,2,0.12748053503459056
1468,522,4,0.48544391495280287
1469,523,5,0.4432159210769795
147,524,6,1.884483992563163
1470,525,4,0.5304416176765123
1471,526,4,0.40595240588621395
1472,527,4,0.4862093135338492
1473,528,3,0.23518608947282899
1474,529,6,0.5269686722097906
1475,530,6,0.4715607505422963
1476,531,5,0.45061418323640273
1477,532,4,0.3176973369196939
1478,533,4,0.3855173052758433
1479,534,2,0.21963864277767586
148,535,2,0.47319459883694753
1480,536,3,0.2942615910274908
1481,537,4,0.4963235269781668
1482,538,2,0.17725347229028518
1483,539,2,0.3459096370480767
1484,540,4,0.3906684421317054
1485,541,4,0.41391766654913686
1486,542,4,0.5106060330048156
1487,543,4,0.38001826967969
1488,544,4,0.36019275397418
1489,545,2,0.3129878714051654
149,546,8,1.5473080901257787
1490,547,4,0.6991699348729368
1491,548,2,0.08969843070529143
1492,549,4,0.5381320297522763
1493,550,6,0.5389642354109085
1494,551,4,0.7071013153701374
1495,552,4,0.5265094791003763
1496,553,6,0.8764722221144371
1497,554,5,1.1151873488582917
1498,555,5,0.6812977305188788
1499,556,4,0.92852295405183
15,557,5,0.5252269741210023
150,558,8,2.5787857508654373
1500,559,4,0.5231420760912026
1501,560,8,0.46836028278120156
1502,561,7,0.5917079046424316
1503,562,4,0.419661776145839
1504,563,5,0.46227390907999577
1505,564,4,0.886071751584033
1506,565,4,0.4103468439733659
1507,566,7,1.1547890640644127
1508,567,6,0.8374371570171222
1509,568,4,0.5148986646761614
151,569,2,0.1477714463580938
1510,570,5,0.7890686183545531
1511,571,6,0.8033528938006801
1512,572,3,0.43748304943534094
1513,573,3,0.23412350926951775
1514,574,8,0.9546728473719397
1515,575,6,0.769650361733757
1516,576,7,0.8365776324358251
1517,577,8,1.0486960545904973
1518,578,6,0.9623649730727524
1519,579,5,0.47037017591706043
152,580,8,1.0063434421029933
1520,581,6,1.391661703103402
1521,582,6,0.9967539476620471
1522,583,4,0.3520291447435079
1523,584,4,0.23782920301462826
1524,585,5,0.8780498434959674
1525,586,2,0.07140615628574142
1526,587,6,0.9026921679782105
1527,588,3,0.3160900801562092
1528,589,4,0.2830792839944533
1529,590,6,0.7407968497852949
153,591,4,1.0523409661112015
1530,592,5,0.964345680092732
1531,593,5,0.43074169783635
1532,594,6,0.691873079824905
1533,595,5,0.652743612518991
1534,596,5,0.8198827594237693
1535,597,6,0.8554454797603016
1536,598,4,0.33807825177839396
1537,599,5,0.388492104228654
1538,600,5,0.5078617569383068
1539,601,4,0.20589116437115484
154,602,3,0.1484630223913951
1540,603,6,0.26758852341588507
1541,604,4,0.5275533987246732
1542,605,4,0.773467968482776
1543,606,7,1.1575409231676932
1544,607,5,0.6635937048595494
1545,608,4,0.7563311733143907
1546,609,4,0.5534788241121483
1547,610,4,0.5481975153286628
1548,611,2,0.16727054892500348
1549,612,5,0.3940368957510761
155,613,5,0.8706471353280643
1550,614,5,0.6288996717844505
1551,615,4,0.4803085343756022
1552,616,7,0.8104162976808997
1553,617,5,0.4935899755598201
1554,618,4,0.3603325351608858
1555,619,5,0.3555199023833302
1556,620,5,0.42375606553703615
1557,621,5,0.5169438392665561
1558,622,8,0.564062117009261
1559,623,9,1.0054364138158567
156,624,6,1.7016149797714337
1560,625,4,1.3298045794576883
1561,626,6,0.5294912375351123
1562,627,10,1.2219101867817492
1563,628,8,1.4120479592608277
1564,629,3,0.23448695449678408
1565,630,4,0.5147518841623883
1566,631,5,1.3074850939183018
1567,632,4,0.37984767977484896
1568,633,4,0.6129385462520301
1569,634,3,0.4697122392375421
157,635,2,0.13521786921723708
1570,636,3,0.28587097496587127
1571,637,4,0.4540107140019739
1572,638,4,0.580243387771847
1573,639,3,0.1429215082163204
1574,640,4,0.33696061327759086
1575,641,3,0.44522278021699346
1576,642,4,0.20659808893669301
1577,643,5,0.5819735961926993
1578,644,5,0.678206431828269
1579,645,4,0.27304358742443063
158,646,3,0.5387994531515012
1580,647,6,0.9172947205107163
1581,648,6,0.8912781286523638
1582,649,4,0.10384524565955469
1583,650,4,0.45489146616371035
1584,651,4,0.6266680464220618
1585,652,4,0.059996120768574225
1586,653,5,0.39457386709851067
1587,654,6,1.1771616398072087
1588,655,3,0.23437200032605748
1589,656,4,0.4465077699226623
159,657,6,0.8474736097080403
1590,658,4,0.5376153293122482
1591,659,2,0.10550840966046053
1592,660,4,0.2896211957884652
1593,661,5,0.851963728892153
1594,662,5,0.12870230012430323
1595,663,5,0.5559077704738551
1596,664,5,0.6194571754285475
1597,665,2,0.13227499932385636
1598,666,3,0.17803249480290328
1599,667,3,0.8512629218686429
16,668,7,0.7712569499617669
160,669,5,0.3181647082843582
1600,670,2,0.04380734523522257
1601,671,4,0.5955771854722882
1602,672,6,0.5606937416455446
1603,673,3,0.1396494352170431
1604,674,9,1.0945958062284415
1605,675,5,1.1750314974234588
1606,676,7,0.8242421805290548
1607,677,6,1.2177030509214166
1608,678,4,0.6779267665125709
1609,679,5,0.626262444843656
161,680,6,1.0446425990432506
1610,681,6,0.5337974023639996
1611,682,3,0.4487534564581335
1612,683,5,0.829475505367271
1613,684,4,0.4309020236448326
1614,685,5,0.5472714813965496
1615,686,5,0.43527481499381376
1616,687,5,0.6618353746197431
1617,688,5,0.6655770208053479
1618,689,8,0.4716121631892914
1619,690,7,0.9993925696447558
162,691,5,0.6999202265200068
1620,692,5,0.6894442551861807
1621,693,6,0.5488300414477647
1622,694,8,1.0885041328084126
1623,695,7,1.861359075503986
1624,696,7,0.8780955166935206
1625,697,9,1.6939858715308114
1626,698,4,0.7273385313817134
1627,699,5,0.33011907386534967
1628,700,7,1.2652878697775294
1629,701,11,2.236603029142952
163,702,7,0.41422481845666187
1630,703,5,0.6265828185839871
1631,704,6,1.7397082477895491
1632,705,5,1.5368692260489056
1633,706,4,0.5696530282720986
1634,707,7,1.7600783277829695
1635,708,8,1.6428672540205067
1636,709,2,0.23713445469331673
1637,710,4,0.622600892330655
1638,711,3,0.4880336118143332
1639,712,1,0.11060707057256979
164,713,7,1.012807919042406
1640,714,6,0.8159149872558671
1641,715,4,1.3868939178651627
1642,716,2,0.12016972950814636
1643,717,6,0.9418852434212523
1644,718,5,1.2387271847122419
1645,719,8,0.3758368062761749
1646,720,9,1.164387981949506
1647,721,6,1.0492355473290051
1648,722,2,0.139025360694617
1649,723,4,0.45693565961650406
165,724,5,1.4750407893636654
1650,725,4,0.5114939040607809
1651,726,4,0.37006785013401894
1652,727,6,0.9893329659136606
1653,728,6,1.1004078724320807
1654,729,5,0.18464796657462607
1655,730,6,1.111076584500173
1656,731,4,1.025238082590792
1657,732,1,0.030868785662408083
1658,733,7,0.9535397017895095
1659,734,7,1.2731880348385234
166,735,5,0.5147717267234027
1660,736,2,0.2580811060139084
1661,737,5,0.554066521917583
1662,738,4,1.028918348865235
1663,739,5,0.4593682775300923
1664,740,6,0.7080620110262056
1665,741,4,0.8909243042378487
1666,742,2,0.043100531828221086
1667,743,4,0.48989142784331563
1668,744,8,1.8316868243059476
1669,745,5,0.3865120594303118
167,746,7,0.8996599381404655
1670,747,6,0.6749303091811875
1671,748,5,0.6828471590641678
1672,749,4,0.49250825036428053
1673,750,5,0.8250860675107706
1674,751,4,0.8296884831671849
1675,752,3,0.11595811024213973
1676,753,4,0.47401658253028206
1677,754,5,0.43725189961093985
1678,755,5,0.27187346545115665
1679,756,5,0.4894670704158717
168,757,7,1.2946467774294939
1680,758,5,0.5481153425437788
1681,759,1,0.037992861453656906
1682,760,3,0.14694796035526758
1683,761,3,0.5185733359846587
1684,762,2,0.12278223788066552
1685,763,4,0.32437465687326344
1686,764,4,0.3879298700537934
1687,765,2,0.09018154830947504
1688,766,3,0.3156123460809393
1689,767,3,0.48413232758926417
169,768,6,0.9080256523068398
1690,769,4,0.06268116006646406
1691,770,4,0.6103396184967191
1692,771,4,0.9160048493550541
1693,772,3,0.11381494500621164
1694,773,4,0.3143752294203337
1695,774,4,0.49570230924814923
1696,775,4,0.11718492046688414
1697,776,4,0.20425211426350579
1698,777,6,0.9454057029113927
1699,778,1,0.19751293351022126
17,779,4,0.9379808636379238
170,780,10,3.1321952160430797
1700,781,4,0.39433359735539303
1701,782,3,0.6042988908619147
1702,783,3,0.18114301913261177
1703,784,4,0.3219414959375971
1704,785,5,0.5839631614363953
1705,786,2,0.07491161400725456
1706,787,4,0.36270151016971003
1707,788,4,0.5761663779464574
1708,789,4,0.1626148154270583
1709,790,7,0.6759017294932317
171,791,10,3.978132719205109
1710,792,5,1.2723257464431446
1711,793,3,0.09755781088443481
1712,794,4,0.3770293501136177
1713,795,6,1.0460880187373187
1714,796,2,0.0865040969047431
1715,797,6,0.3560967289481543
1716,798,5,1.1749637088295544
1717,799,5,0.22978399284097387
1718,800,6,0.6843192865748472
1719,801,6,1.1763645335609492
172,802,2,0.3236363403859857
1720,803,4,0.20974952028717245
1721,804,6,0.43711690337121817
1722,805,6,1.0146936605248627
1723,806,3,0.12089599998644565
1724,807,5,0.7154437618140956
1725,808,5,1.2768773322901315
1726,809,7,0.36671791695575257
1727,810,7,1.0595900459274086
1728,811,6,1.802619355652949
1729,812,4,0.197041129321254
173,813,4,0.48039148633028184
1730,814,7,0.42050767607335776
1731,815,8,1.18941947931274
1732,816,4,0.2138919770927078
1733,817,5,0.5937300110690787
1734,818,6,1.3715878043181693
1735,819,3,0.0844117530834268
1736,820,4,0.39193398751707137
1737,821,3,0.6074460585354288
1738,822,3,0.17333551994503418
1739,823,4,0.628525014436732
174,824,4,1.413054581484063
1740,825,3,0.4561286413705854
1741,826,4,0.15166765105542332
1742,827,7,0.5367000119618421
1743,828,7,1.3485637719822117
1744,829,3,0.11301866947278506
1745,830,4,0.3943512386644395
1746,831,6,1.4947710405796657
1747,832,3,0.09928282711406998
1748,833,8,1.0549975349105467
1749,834,8,1.7217308611103332
175,835,2,0.176758047431964
1750,836,2,0.008763705821414836
1751,837,7,0.9566378651614585
1752,838,5,0.925707213029955
1753,839,1,0.008392281735114599
1754,840,6,0.9523603039114173
1755,841,4,1.3927465039412852
1756,842,3,0.10259027867242357
1757,843,6,0.6212634957507874
1758,844,5,0.45624155598144167
1759,845,2,0.10057241186672208
176,846,4,0.41266162043379634
1760,847,4,0.8176695720833748
1761,848,5,0.800653279436639
1762,849,6,0.719050415504092
1763,850,8,1.1935185363594056
1764,851,5,0.6925456004242917
1765,852,7,0.4354857716591224
1766,853,7,0.656162570108785
1767,854,4,0.7010849039664936
1768,855,2,0.05226308407478478
1769,856,4,0.49427651264936645
177,857,4,0.5545721093418494
1770,858,4,0.4980274512053964
1771,859,1,0.040219299861584214
1772,860,5,0.6866866828730684
1773,861,6,0.8591794406567738
1774,862,3,0.12919265615031872
1775,863,5,0.5483755776484197
1776,864,5,0.660949680476461
1777,865,7,0.6526527560250073
1778,866,6,0.9159100116647544
1779,867,4,0.4435375008793577
178,868,3,0.23016788020533413
1780,869,5,0.49106610337363277
1781,870,4,0.7886116873712548
1782,871,3,0.36845752503795315
1783,872,1,0.05015844856028957
1784,873,6,0.8995487879575483
1785,874,6,0.9631870736714305
1786,875,2,0.2659794294112396
1787,876,5,0.9802557913155117
1788,877,4,0.8684213081555167
1789,878,6,0.9049440250274604
179,879,6,1.4084964319549242
1790,880,5,0.9761805744995466
1791,881,4,0.5977763514138558
1792,882,3,0.2672208251524556
1793,883,10,1.4484230430962568
1794,884,9,1.773267900845578
1795,885,5,0.5945789627568604
1796,886,7,1.4379582422836188
1797,887,5,0.9226076221020839
1798,888,6,0.42160700105949034
1799,889,5,0.7219865832075552
18,890,4,0.7615369475505017
180,891,6,1.9094659033694663
1800,892,5,0.5862562938448487
1801,893,4,0.14553593922672123
1802,894,3,0.4706957799354694
1803,895,1,0.23818869432257733
1804,896,1,0.1522540653636407
1805,897,4,0.38417158508778826
1806,898,4,0.34443118407749934
1807,899,2,0.051050274975233706
1808,900,7,1.6863629473211121
1809,901,6,1.4692539180711952
181,902,8,1.2280801213178207
1810,903,6,0.812300108633649
1811,904,4,0.7397405629378246
1812,905,3,0.4428692367494468
1813,906,2,0.07788683828199061
1814,907,5,0.4642325766856833
1815,908,2,0.5156245114833256
1816,909,6,0.7156935401202441
1817,910,5,0.7749667911386336
1818,911,4,0.3919351790123509
1819,912,4,0.3503391932814827
182,913,9,2.1332630508695027
1820,914,5,0.6292554268879236
1821,915,5,0.8939001452195918
1822,916,2,0.10339716670292078
1823,917,3,0.4096788679751261
1824,918,5,1.1729282508947212
1825,919,7,0.9330172137250243
1826,920,7,1.2584050826421769
1827,921,6,1.2107448847336149
1828,922,3,0.20593217547742929
1829,923,6,0.5657790802256664
183,924,9,2.746402150438367
1830,925,5,1.5104586722126034
1831,926,4,0.7949246549817091
1832,927,4,0.729928557031826
1833,928,7,1.158821194802091
1834,929,3,0.4244936243742991
1835,930,5,0.6732966705437864
1836,931,6,1.3024419903318856
1837,932,2,0.04524650446169004
1838,933,6,0.8264625929336353
1839,934,6,1.7109872984249237
184,935,7,1.779823883751513
1840,936,4,0.39226335857366434
1841,937,6,0.9655780587715938
1842,938,4,0.6730216022250082
1843,939,3,0.320414294944925
1844,940,4,0.4316004519198225
1845,941,5,1.00199551385039
1846,942,4,0.5823804520821735
1847,943,5,0.80782425677623515
1848,944,6,0.951574603820632
1849,945,4,0.3159130899019763
185,946,9,2.017990787159247
1850,947,6,1.6432651468643127
1851,948,5,1.246995981446855
1852,949,6,0.3249759270089808
1853,950,6,0.8460940793045442
1854,951,6,1.2657376176490052
1855,952,3,0.28239951349058223
1856,953,4,0.6565378258947749
1857,954,4,1.0476827640362754
1858,955,4,0.3652961580488543
1859,956,3,0.7829450252819188
186,957,11,2.3732472638510913
1860,958,7,1.7479759670643584
1861,959,4,0.49259424764298754
1862,960,5,0.9276009668819724
1863,961,6,1.4857165582467122
1864,962,5,0.3495407236754253
1865,963,8,1.1920517456289164
1866,964,6,2.398869863014428
1867,965,12,0.9351795069976575
1868,966,9,2.2203203806136615
1869,967,8,1.74050587290307
187,968,8,0.513966499144504
1870,969,4,0.31073599041145816
1871,970,6,1.3551406714602041
1872,971,7,1.886742486222915
1873,972,3,0.38355795689360855
1874,973,5,0.7812001540003877
1875,974,5,0.7790056137835474
1876,975,9,1.0074339874933096
1877,976,8,1.6203752043927677
1878,977,4,1.1417920753839834
1879,978,7,0.9678453956570343
188,979,6,0.8044163448423954
1880,980,4,0.7793017522735105
1881,981,8,1.0379677455995013
1882,982,7,0.8975891936047597
1883,983,8,2.009774298335171
1884,984,7,0.9952763009077537
1885,985,6,0.7227654381296259
1886,986,9,2.0385642106104966
1887,987,5,0.6030061847118365
1888,988,6,0.58942979592059
1889,989,6,0.8122899366083186
189,990,3,0.5214229118709138
1890,991,5,0.8797355600361054
1891,992,5,0.9458524405002473
1892,993,5,1.6794797932989378
1893,994,6,1.0960387749287168
1894,995,9,0.4375139405234023
1895,996,9,1.1587563770857967
1896,997,7,1.6669410683441135
1897,998,1,0.042785447750918505
1898,999,5,0.9398694595991327
1899,1000,4,1.0101409289006422
19,1001,4,0.41705611114624885
190,1002,5,0.2770599278089548
1900,1003,4,0.3738501527613819
1901,1004,7,1.3772154845148106
1902,1005,5,1.6749757416588942
1903,1006,5,0.4944206458120068
1904,1007,6,0.6749361982413502
1905,1008,7,1.5302395929018935
1906,1009,4,0.4331061871387379
1907,1010,8,1.2675567604659204
1908,1011,7,1.4916978828597705
1909,1012,7,0.9651054569287916
191,1013,5,0.4815236727930682
1910,1014,10,1.9996367229472813
1911,1015,8,2.2334203465193125
1912,1016,3,0.43108988520552893
1913,1017,7,1.3745223797629125
1914,1018,6,1.0886663324884067
1915,1019,6,1.0071991617709941
1916,1020,10,1.9784664647929238
1917,1021,7,1.7202501266651324
1918,1022,5,0.8290647784006991
1919,1023,8,1.5296194077544862
192,1024,5,0.91364737379391
1920,1025,5,1.1602914965249918
1921,1026,4,1.0374537912432757
1922,1027,4,0.8315384049416803
1923,1028,5,1.0213413803963463
1924,1029,3,0.2199647810302776
1925,1030,5,0.551029058385415
1926,1031,4,0.8555647944013922
1927,1032,5,1.2498904376525737
1928,1033,9,0.8995008416628341
1929,1034,8,1.8828350755028354
193,1035,5,0.329392550547507
1930,1036,12,3.6421618335578874
1931,1037,12,4.638263642520269
1932,1038,6,1.2718942732600709
1933,1039,4,0.7231013254870952
1934,1040,9,1.9027950954638049
1935,1041,9,2.6921970151253363
1936,1042,6,0.9996632589955223
1937,1043,7,2.4011019392990463
1938,1044,8,2.3216474109985104
1939,1045,5,0.793946277917554
194,1046,5,0.8538554527995512
1940,1047,9,1.927257924499911
1941,1048,7,2.276648434363473
1942,1049,6,0.5876378053790428
1943,1050,8,1.3759764015224196
1944,1051,8,2.111962345553877
1945,1052,6,0.9396749297440966
1946,1053,8,2.192497931175053
1947,1054,6,0.847104133912538
1948,1055,5,0.7281816623714323
1949,1056,7,0.812526767025677
195,1057,6,1.054893969604934
1950,1058,4,0.6794983984612757
1951,1059,5,0.36547525255540275
1952,1060,8,1.4795493512886384
1953,1061,6,1.87801906504605
1954,1062,7,0.4225026819572669
1955,1063,9,1.2363380258600647
1956,1064,6,1.3215930622400087
1957,1065,6,0.5463694384595664
1958,1066,8,0.8947184314551195
1959,1067,6,1.092666539783735
196,1068,3,0.5170069677880641
1960,1069,6,0.4490195375370973
1961,1070,7,0.9660229559731247
1962,1071,6,2.2822361378414993
1963,1072,6,1.0115079359206725
1964,1073,8,1.614952285976938
1965,1074,8,2.6702905355587108
1966,1075,6,0.9519446585206878
1967,1076,8,2.0281100067968896
1968,1077,10,2.4749606700792857
1969,1078,5,0.19257634458628417
197,1079,4,0.6932371234826042
1970,1080,10,1.5949302820852946
1971,1081,5,1.6573478789634122
1972,1082,4,0.41100284694208405
1973,1083,8,1.1727971551894543
1974,1084,9,1.6130232370166178
1975,1085,5,0.5413287199471141
1976,1086,8,1.6678912200516745
1977,1087,14,5.367729841222403
1978,1088,12,3.26562449364362
1979,1089,11,3.7737998978625034
198,1090,3,0.38058382523354245
1980,1091,12,3.483279796097695
1981,1092,9,1.060965189205133
1982,1093,12,3.241991780702598
1983,1094,10,2.91492859064156
1984,1095,7,1.2853022004238226
1985,1096,14,4.151446276064509
1986,1097,8,2.6907484580115026
1987,1098,3,0.7505949182961505
1988,1099,10,2.6479614289657025
1989,1100,14,3.0879295854146775
199,1101,6,0.533424744201738
1990,1102,2,0.4571488863587264
1991,1103,6,1.5619950158110814
1992,1104,11,3.70267388403435
1993,1105,9,2.4291501022639665
1994,1106,12,3.4209772350787078
1995,1107,10,2.7141414136904243
1996,1108,2,0.20856188053841834
1997,1109,10,3.51686769599594
1998,1110,11,3.2167387640145098
1999,1111,5,1.1216411896235128
2,1112,6,0.7867957502183576
20,1113,4,0.4174207529053981
200,1114,10,1.3092891110363782
2000,1115,8,2.268562922241366
2001,1116,9,3.9873460610422247
2002,1117,3,0.15253882444490913
2003,1118,11,2.0382780200386907
2004,1119,9,2.4949419771232875
2005,1120,8,1.2066543529936975
2006,1121,16,4.724972887666183
2007,1122,11,2.6665952561780397
2008,1123,4,0.4574688679044147
2009,1124,18,4.853820166839904
201,1125,5,1.3803520558102407
2010,1126,11,3.965508022416583
2011,1127,12,2.997575051968634
2012,1128,14,3.986523438236143
2013,1129,9,3.7351693437384106
2014,1130,15,2.3903299068008
2015,1131,18,5.7830804860047484
2016,1132,16,4.200338391929306
2017,1133,11,2.0895488512275735
2018,1134,18,7.183793456075629
2019,1135,29,11.338404488991175
202,1136,7,0.6665960061741993
2020,1137,8,1.579002156458406
2021,1138,23,7.986474995439294
2022,1139,13,4.692815449069222
2023,1140,17,2.868406125277735
2024,1141,20,5.988111652074906
2025,1142,11,3.9561017355515493
2026,1143,13,3.7484409303851445
2027,1144,20,7.024176552932456
2028,1145,14,4.622238138591155
2029,1146,2,0.0705592428030837
203,1147,7,0.9866147113676396
2030,1148,8,1.9773832388935595
2031,1149,4,0.7011415527956013
2032,1150,6,0.8395744634228779
2033,1151,6,1.0347339433784715
2034,1152,8,1.1277948691044515
2035,1153,4,0.30190983918175723
2036,1154,6,0.7594157021272797
2037,1155,5,0.7272101284818315
2038,1156,5,0.3034043935220215
2039,1157,6,0.5653079190700331
204,1158,7,1.613975671844228
2040,1159,4,0.4342129069323803
2041,1160,8,0.5426176682948542
2042,1161,6,0.7980099541373423
2043,1162,4,0.9301758271354061
2044,1163,3,0.12174428009688255
2045,1164,6,0.6126470227906955
2046,1165,5,0.8626350085892802
2047,1166,6,0.2638126915301679
2048,1167,6,0.8942349022405759
2049,1168,5,1.0318454233353866
205,1169,7,1.0176904998706002
2050,1170,4,0.3424709550133474
2051,1171,7,0.8511564825346328
2052,1172,5,0.8919403756278467
2053,1173,4,0.30255991260376364
2054,1174,8,1.4236976965430246
2055,1175,8,2.1887902289320764
2056,1176,3,0.481624578724664
2057,1177,4,0.503551637578573
2058,1178,4,0.7771807849467224
2059,1179,3,0.06767312557259017
206,1180,9,1.42815539656402
2060,1181,5,0.9149957310021195
2061,1182,6,0.8081683643876015
2062,1183,7,0.9303726733908918
2063,1184,7,0.8735212977676599
2064,1185,7,1.370011147941772
2065,1186,4,0.1175664504743878
2066,1187,6,0.798679525844608
2067,1188,6,1.2170673273763144
2068,1189,4,0.41754111723803766
2069,1190,6,0.8748656269041885
207,1191,8,1.4044851781793908
2070,1192,4,1.0016295840897451
2071,1193,7,0.9323159506214073
2072,1194,7,1.1174909532048913
2073,1195,7,1.5221708698593153
2074,1196,4,0.3880664241172182
2075,1197,5,1.0179783054454266
2076,1198,4,0.8285709906566883
2077,1199,1,0.07320121716717853
2078,1200,6,0.8226011380562229
2079,1201,4,0.6387850919412555
208,1202,5,0.807375125683486
2080,1203,8,0.8654099434508332
2081,1204,7,1.1474687093180926
2082,1205,6,1.174583823656648
2083,1206,4,0.3646083419987476
2084,1207,7,1.1031298205759879
2085,1208,7,1.139375937773862
2086,1209,2,0.13061010739300827
2087,1210,3,0.20444697297277434
2088,1211,14,3.522470934014901
2089,1212,11,1.3570609854603057
209,1213,5,0.679362161976894
2090,1214,16,2.673313859653251
2091,1215,12,4.534916895254511
2092,1216,4,0.8736022185412773
2093,1217,11,1.3211267720687816
2094,1218,9,4.232642461967345
2095,1219,6,0.572166658539556
2096,1220,9,1.950581961588444
2097,1221,8,1.79367779523681
2098,1222,4,0.4756074941890035
2099,1223,8,1.6163388294461747
21,1224,4,0.3734270924712526
210,1225,7,1.8827236609937186
2100,1226,5,0.5104603329109753
2101,1227,10,1.7068942344376314
2102,1228,10,2.3192023820291
2103,1229,9,2.4286358579988474
2104,1230,4,0.25987443706830066
2105,1231,7,2.1178182189106907
2106,1232,11,5.307919446704018
2107,1233,4,0.7831917387800404
2108,1234,13,3.5511459599129522
2109,1235,13,4.624243556711891
211,1236,5,0.8494745970981358
2110,1237,6,0.8523571240672912
2111,1238,8,2.2478992860859743
2112,1239,6,1.3116293435539286
2113,1240,4,0.5800933679792069
2114,1241,8,1.6208010840335836
2115,1242,8,1.7305626739410631
2116,1243,8,1.695207597793366
2117,1244,15,1.9686102551804947
2118,1245,10,3.143973496678202
2119,1246,7,0.9695972251673918
212,1247,4,1.1404234734639138
2120,1248,8,1.5930705724465093
2121,1249,5,1.7050837690975764
2122,1250,10,0.8172551425323669
2123,1251,10,1.8327486524131698
2124,1252,7,1.5883070763527984
2125,1253,5,0.8438544948956953
2126,1254,11,1.927790428712492
2127,1255,10,3.3980624164854087
2128,1256,8,0.6269823340495593
2129,1257,8,1.098188117314308
213,1258,12,3.775643013256935
2130,1259,6,1.1665400982118324
2131,1260,5,0.5354877598504489
2132,1261,7,1.6722700800826134
2133,1262,13,5.503880084053285
2134,1263,5,0.847714732870599
2135,1264,4,0.7063158231232114
2136,1265,4,0.6001502204847299
2137,1266,18,3.202669553727374
2138,1267,21,7.030074220694074
2139,1268,15,4.731694297408219
214,1269,4,0.23977823788271652
2140,1270,10,2.275058992853686
2141,1271,9,1.7022250786407336
2142,1272,9,2.5935245234445308
2143,1273,6,0.9521631223862753
2144,1274,9,1.960491722115769
2145,1275,8,2.235095869217943
2146,1276,5,0.5151480373181461
2147,1277,11,1.172378661507282
2148,1278,9,2.835890958516182
2149,1279,13,2.4663463795876286
215,1280,4,0.3825719104588812
2150,1281,18,5.3254644468076355
2151,1282,15,5.935287898947429
2152,1283,14,3.8575720361768444
2153,1284,22,6.716844271456152
2154,1285,14,6.511526013805298
2155,1286,6,1.3629681746365998
2156,1287,11,3.6358696705372
2157,1288,14,6.287521482918222
2158,1289,14,2.7622620779013345
2159,1290,16,4.080727673194012
216,1291,2,0.3309114010802412
2160,1292,15,6.0031198639322
2161,1293,14,5.058171195038224
2162,1294,17,5.9574009762604545
2163,1295,13,4.105901550037985
2164,1296,9,2.2449266508543975
2165,1297,10,2.231919128617077
2166,1298,7,2.015235974496187
2167,1299,10,2.866629862962242
2168,1300,8,1.860161372383169
2169,1301,5,0.9974830796472947
217,1302,4,0.26432219430136383
2170,1303,11,2.1263522769438827
2171,1304,10,2.4801382343362564
2172,1305,8,1.7385836921481228
2173,1306,10,2.536374737755961
2174,1307,10,2.836047572110475
2175,1308,5,0.7921621908628355
2176,1309,8,0.6673419369928575
2177,1310,6,0.9768993561903485
2178,1311,5,1.1100221704912938
2179,1312,26,6.395562350057391
218,1313,5,0.6441628801642578
2180,1314,37,13.339545865321176
2181,1315,19,7.357191842023023
2182,1316,13,3.2294188739112
2183,1317,20,7.671965207682134
2184,1318,13,4.990066893047316
2185,1319,9,1.8262145491380155
2186,1320,8,2.427704158129392
2187,1321,4,1.0496205872154183
2188,1322,3,0.39412617818961926
2189,1323,5,0.5744566283599694
219,1324,2,0.38917956522669445
2190,1325,4,0.5459104332734402
2191,1326,11,3.6365550180522987
2192,1327,15,5.047045729689086
2193,1328,13,5.248628547143857
2194,1329,18,5.327561067038471
2195,1330,19,7.602862090962211
2196,1331,18,7.347108081179494
2197,1332,10,2.95477436431955
2198,1333,12,3.3354104367725
2199,1334,14,6.400237229354645
22,1335,2,0.17626126146223753
220,1336,3,0.2395264447070205
2200,1337,8,2.6025904055942304
2201,1338,12,3.8046919927581966
2202,1339,18,7.796122159387661
2203,1340,5,0.9094138991702835
2204,1341,13,5.2680852451676055
2205,1342,19,8.345462537822089
2206,1343,7,1.6755716929223734
2207,1344,17,8.776261060128878
2208,1345,21,9.046353107658694
2209,1346,11,3.7458665634741806
221,1347,6,0.5837191126267511
2210,1348,12,4.094063618248372
2211,1349,15,6.245119698349266
2212,1350,11,3.871973050622959
2213,1351,16,6.195674820679465
2214,1352,31,18.10155581409241
2215,1353,11,2.0330769140133587
2216,1354,13,4.444047323288407
2217,1355,14,6.303138103534836
2218,1356,5,1.4549114392952618
2219,1357,19,6.156238703823328
222,1358,4,0.3353395407546408
2220,1359,13,6.235504748806049
2221,1360,15,5.85041666114553
2222,1361,17,5.542757631205442
2223,1362,15,6.24926042658624
2224,1363,3,0.5851022377655712
2225,1364,11,3.3140077573464866
2226,1365,12,4.693873428204545
2227,1366,19,8.062583628467431
2228,1367,33,15.76201220713696
2229,1368,21,9.466583423224717
223,1369,5,0.720521340945766
2230,1370,11,3.120493269282875
2231,1371,10,4.423808670007188
2232,1372,11,2.8837056565604553
2233,1373,15,3.7338644687220515
2234,1374,35,20.12296930489213
2235,1375,61,35.53251067470276
2236,1376,13,6.101868529603414
2237,1377,42,20.90725967942915
2238,1378,51,26.279759957691297
2239,1379,22,6.583536796217266
224,1380,7,0.8233808134095072
2240,1381,15,6.136627040843133
2241,1382,7,1.2072860122429594
2242,1383,9,3.202870736731276
2243,1384,9,2.628689478514926
2244,1385,7,1.8543262459618026
2245,1386,7,1.18973677939549
2246,1387,9,1.0095859753945002
2247,1388,5,0.6256316713661088
2248,1389,13,4.200568540378066
2249,1390,17,4.329587798707063
225,1391,4,0.4907924745387048
2250,1392,4,0.325300320982137
2251,1393,10,2.6616574076720325
2252,1394,7,1.9711943491163755
2253,1395,6,1.4373470165003168
2254,1396,5,1.5614819329862486
2255,1397,8,1.4621468200253216
2256,1398,6,1.266911676138663
2257,1399,12,3.47934503424594
2258,1400,7,1.6854600400385973
2259,1401,5,0.9705537702637819
226,1402,4,0.36004139779417216
2260,1403,11,3.7454273455659948
2261,1404,8,2.150500241671532
2262,1405,4,0.8040166437949617
2263,1406,10,2.211444906671292
2264,1407,12,2.5665350558329982
2265,1408,7,1.6037697776401174
2266,1409,21,4.164611539011526
2267,1410,21,6.81628289574796
2268,1411,15,5.371779105882832
2269,1412,17,4.663441218108798
227,1413,7,0.7446183139095404
2270,1414,15,5.015975040670447
2271,1415,12,3.66986115389637
2272,1416,11,4.442013195944885
2273,1417,9,2.922307065713381
2274,1418,8,2.5353466107962426
2275,1419,6,0.8629136972708006
2276,1420,7,1.7656481270386069
2277,1421,5,0.509855707728454
2278,1422,8,1.1019656253663905
2279,1423,6,1.5557480781460689
228,1424,5,0.8997052579486801
2280,1425,6,0.7953193596479755
2281,1426,5,0.5316807865935882
2282,1427,4,1.0424626035367393
2283,1428,3,0.3984089933605765
2284,1429,3,0.30749235388055257
2285,1430,7,1.8761571308780327
2286,1431,5,0.5393425475423869
2287,1432,5,0.5139587937341716
2288,1433,10,2.1259450210698714
2289,1434,9,1.9309933974189062
229,1435,2,0.19216290643256279
2290,1436,5,0.3950942328250026
2291,1437,7,0.9210090815057318
2292,1438,7,1.7111030194575159
2293,1439,4,0.38282304810710327
2294,1440,7,0.9830111151762553
2295,1441,5,1.1246014136879825
2296,1442,3,0.08253409130372454
2297,1443,3,0.11942740570641415
2298,1444,4,0.45783209608295816
2299,1445,3,0.10141324732307973
23,1446,4,0.39125699144885234
230,1447,2,0.24347461083356872
2300,1448,4,0.31283140431450307
2301,1449,4,0.3628235644475991
2302,1450,1,0.10216667189943326
2303,1451,3,0.3724248865976734
2304,1452,2,0.3364041218143781
2305,1453,1,0.06290331257746218
2306,1454,4,0.26036220078965994
2307,1455,5,0.5175886833858874
2308,1456,4,0.1331727814834116
2309,1457,4,0.2696478084351072
231,1458,4,0.7495863122968298
2310,1459,5,0.6129527126252405
2311,1460,4,0.44075376397407506
2312,1461,6,0.7135360855334394
2313,1462,4,0.1570333556319995
2314,1463,3,0.10140759842232448
2315,1464,3,0.13096039823728325
2316,1465,3,0.6893907316595919
2317,1466,6,0.29999103385756637
2318,1467,6,0.4378370784717986
2319,1468,7,0.661968339743272
232,1469,4,0.48861531931740204
2320,1470,4,0.2482369032275976
2321,1471,4,0.39891977586286104
2322,1472,3,0.44757131191688193
2323,1473,4,0.16639143122603992
2324,1474,5,0.3325537429918183
2325,1475,5,0.6422101015748857
2326,1476,2,0.07411493112511025
2327,1477,4,0.32051723993702874
2328,1478,3,0.27984287672129665
2329,1479,4,0.44643535602514217
233,1480,5,0.9079245759881517
2330,1481,6,0.9184195590165775
2331,1482,5,1.2455439493343727
2332,1483,4,0.24682674534057789
2333,1484,8,0.8301064602727403
2334,1485,4,1.1381272909627873
2335,1486,5,0.5306335905659637
2336,1487,5,0.5219033798629316
2337,1488,3,0.6522827904989357
2338,1489,3,0.18564443011462597
2339,1490,5,0.4220534117999066
234,1491,6,1.214473714633093
2340,1492,5,1.117052079544519
2341,1493,6,0.3887681772680968
2342,1494,7,0.5861912239778256
2343,1495,8,2.542353399336196
2344,1496,1,0.22929846329454248
2345,1497,3,0.2210233700384898
2346,1498,4,0.9356292564654821
2347,1499,1,0.15546265539011497
2348,1500,5,0.46561394874900236
2349,1501,5,0.6453727245191608
235,1502,6,0.9585905785856005
2350,1503,4,0.2384676167304427
2351,1504,9,1.140322143118035
2352,1505,6,1.2587378978023092
2353,1506,3,0.4570621182064153
2354,1507,6,0.7652684547365558
2355,1508,5,1.2163264017289666
2356,1509,3,0.2874920693662071
2357,1510,3,0.4877381333988801
2358,1511,3,0.32369990110796415
2359,1512,6,0.294905507064349
236,1513,11,2.5682202361121433
2360,1514,6,0.49864838881207196
2361,1515,7,1.7948986430233889
2362,1516,2,0.3714672738007505
2363,1517,4,0.9570675046653526
2364,1518,4,0.6137206732156375
2365,1519,4,0.17909429214488384
2366,1520,4,1.0032417145276091
2367,1521,5,0.44764122438724135
2368,1522,5,0.5705418642949386
2369,1523,6,0.9642278491868528
237,1524,10,2.6503355294162647
2370,1525,6,1.0568840670275843
2371,1526,7,0.4625837594307947
2372,1527,5,1.2104322364292555
2373,1528,6,0.6126809841212876
2374,1529,3,0.14611749557186124
2375,1530,3,0.44012251122836454
2376,1531,8,2.505569045836265
2377,1532,4,0.11204390120154513
2378,1533,7,0.9022065962901987
2379,1534,4,0.956080410737129
238,1535,6,1.0540986784465491
2380,1536,6,0.5658405625004507
2381,1537,5,1.1206607668348139
2382,1538,5,1.5343878124988202
2383,1539,3,0.1680978879547715
2384,1540,5,1.0535897014922113
2385,1541,6,1.1964366877213624
2386,1542,2,0.1087724121457823
2387,1543,6,0.931508045827925
2388,1544,4,0.7704136730466582
2389,1545,5,0.9277393673474031
239,1546,8,1.4700566208021861
2390,1547,5,0.5365533370212054
2391,1548,6,0.3984078669760447
2392,1549,4,0.2517856583362842
2393,1550,4,0.4723569199429563
2394,1551,3,0.15354580265153797
2395,1552,4,0.5074566795542875
2396,1553,4,0.7427060658347213
2397,1554,4,0.3614253923089865
2398,1555,6,0.9540666654085319
2399,1556,4,0.3239581439758773
24,1557,4,0.3724052075748625
240,1558,5,1.453028541426265
2400,1559,6,1.4117832834837998
2401,1560,3,0.28708128648175996
2402,1561,6,1.0137699039456274
2403,1562,7,2.1321520999647414
2404,1563,5,0.2743183975147103
2405,1564,6,0.7898825989350271
2406,1565,8,1.2346350168424058
2407,1566,5,0.4698286948409612
2408,1567,5,0.8879589313084157
2409,1568,4,0.637543885492936
241,1569,3,0.36508120957947887
2410,1570,4,0.35888739346522947
2411,1571,6,0.9713201325537067
2412,1572,6,0.8417776771588384
2413,1573,2,0.1432895734065962
2414,1574,2,0.2791009876786317
2415,1575,4,1.2383989030135727
2416,1576,6,0.3914195752889598
2417,1577,8,1.3349671597470447
2418,1578,8,1.9781952025916276
2419,1579,5,0.9168453399318224
242,1580,4,0.36804079539807927
2420,1581,5,0.7801200068642813
2421,1582,4,0.535160992093666
2422,1583,3,0.166382309882263
2423,1584,5,0.6080871827908507
2424,1585,4,0.9990070342914642
2425,1586,6,0.436939005597457
2426,1587,6,0.8874711154602926
2427,1588,5,0.48891991802711937
2428,1589,2,0.10021876898909017
2429,1590,2,0.12269640179989616
243,1591,3,0.49136976292246487
2430,1592,2,0.24229937341760596
2431,1593,4,0.14475040214248794
2432,1594,4,0.4043383069989329
2433,1595,2,0.15274089747569836
2434,1596,3,0.14092790441491165
2435,1597,2,0.27893683159703664
2436,1598,2,0.247950977385707
2437,1599,4,0.19398513449796856
2438,1600,4,0.2955949925553717
2439,1601,2,0.32485062497683437
244,1602,2,0.3019234646176734
2440,1603,5,0.2286642145297929
2441,1604,5,0.5408766907956802
2442,1605,4,0.49573404786037056
2443,1606,3,0.1705683379351853
2444,1607,4,0.4834672115456071
2445,1608,4,0.6779178358245705
2446,1609,2,0.18080256693029392
2447,1610,6,0.6735917680492862
2448,1611,5,0.8984394497102316
2449,1612,2,0.155236675230293
245,1613,4,0.3058222067528691
2450,1614,3,0.18781064985072823
2451,1615,2,0.21586413335641713
2452,1616,4,0.2194950559949543
2453,1617,5,0.6620023884061569
2454,1618,4,0.7289143315579919
2455,1619,4,0.16271607686300912
2456,1620,4,0.3237479500931845
2457,1621,3,0.32177497240693426
2458,1622,13,2.273686787910333
2459,1623,12,3.3335258025981194
246,1624,4,0.5565351760112929
2460,1625,7,4.0537055590020294
2461,1626,8,1.5108146486472018
2462,1627,8,2.0935864951126506
2463,1628,5,1.4059904933545266
2464,1629,9,2.0292466759672703
2465,1630,11,1.8522726898504225
2466,1631,7,1.437277990170249
2467,1632,9,0.8091216603005126
2468,1633,7,1.2652262042806095
2469,1634,5,0.7657376245383405
247,1635,2,0.22874437254036373
2470,1636,7,0.5321716191684366
2471,1637,5,0.6308670281314863
2472,1638,5,0.4570972644722735
2473,1639,6,0.428218952146219
2474,1640,6,0.6208830319255972
2475,1641,3,0.7338196799297153
2476,1642,3,0.689645995992257
2477,1643,7,1.9860010668970765
2478,1644,7,1.5117393836991517
2479,1645,2,0.3329466102740205
248,1646,4,0.4237529735802115
2480,1647,7,1.206065299074851
2481,1648,6,0.9265677776626355
2482,1649,4,0.29051197418359953
2483,1650,10,1.909323892083378
2484,1651,7,1.6081548309111149
2485,1652,2,0.4060971997692359
2486,1653,8,1.5169905872437137
2487,1654,7,0.8972441040394454
2488,1655,3,0.2908181374389075
2489,1656,5,1.0252736183505609
249,1657,6,1.2312466555077755
2490,1658,6,0.8614039581231454
2491,1659,5,0.9729850393658254
2492,1660,5,0.7497971112181703
2493,1661,4,0.37216313296488124
2494,1662,10,0.8956968358287667
2495,1663,7,1.3104833994557812
2496,1664,5,1.203846819731181
2497,1665,6,0.7597602113746973
2498,1666,6,1.8071854506748086
2499,1667,4,2.031843583559219
25,1668,2,0.1866016186755244
250,1669,3,0.24774750994180925
2500,1670,2,0.05378874062323059
2501,1671,4,0.3424676848106501
2502,1672,8,1.9949489136747691
2503,1673,8,0.27406588687965966
2504,1674,7,0.5317741172799746
2505,1675,9,2.539727728169052
2506,1676,4,0.4977548076635292
2507,1677,13,1.7821348597997524
2508,1678,9,3.020239409729262
2509,1679,7,1.109516283823434
251,1680,4,0.22635707992535464
2510,1681,8,1.987521110934937
2511,1682,5,1.2781360681913934
2512,1683,5,0.2634156724475337
2513,1684,5,0.3778795697612171
2514,1685,6,1.8389638733188087
2515,1686,3,0.12252180800039433
2516,1687,7,0.45730925105017173
2517,1688,8,2.482386518924064
2518,1689,3,0.47193295219084275
2519,1690,7,0.9986075716519266
252,1691,6,0.987421935281195
2520,1692,6,0.9869809751053596
2521,1693,3,0.18687366631155308
2522,1694,5,0.7778658043861196
2523,1695,4,0.5588200351592293
2524,1696,4,0.19387385744874255
2525,1697,4,0.6837303199756046
2526,1698,6,2.7320020525912354
2527,1699,7,0.7293601360732803
2528,1700,8,1.7397520846868644
2529,1701,8,1.4293272200753675
253,1702,5,0.17030773743473115
2530,1703,7,0.7159556210251717
2531,1704,7,1.2950145350449338
2532,1705,7,1.7168118300012836
2533,1706,2,0.11142045339209634
2534,1707,6,0.7010355537883541
2535,1708,4,0.9003089530914328
2536,1709,4,0.33064384385084644
2537,1710,4,0.5963713958551502
2538,1711,7,1.1116309277615257
2539,1712,2,0.369520779120966
254,1713,3,0.2668605299721765
2540,1714,5,0.5507507279171494
2541,1715,5,0.5927271135491815
2542,1716,2,0.2739941344850684
2543,1717,3,0.5677363184590797
2544,1718,5,0.6098837095403993
2545,1719,10,1.4255638932405823
2546,1720,13,3.719793513321934
2547,1721,6,1.429292587536046
2548,1722,8,1.8140216146333015
2549,1723,9,2.418641732071538
255,1724,5,1.3158686855777324
2550,1725,6,0.6702404201080397
2551,1726,4,0.42696481980298917
2552,1727,12,2.5179903480578414
2553,1728,11,2.610779836159899
2554,1729,7,0.9238158757668264
2555,1730,7,1.6517596191493609
2556,1731,5,0.6943813059941474
2557,1732,8,1.4980315433714597
2558,1733,9,2.0771833066314165
2559,1734,6,0.6336758443869157
256,1735,4,0.3594495525897464
2560,1736,3,0.6406698928267316
2561,1737,6,1.3102565414168927
2562,1738,11,2.9528250958201454
2563,1739,3,0.25913691138369727
2564,1740,8,1.563487252595812
2565,1741,8,1.4541888224622685
2566,1742,5,0.48307316614458046
2567,1743,6,1.9223510364657743
2568,1744,5,0.8912481955153564
2569,1745,4,0.27679941520110973
257,1746,8,1.2776015501599094
2570,1747,4,0.3752503781429878
2571,1748,4,0.7051264709217963
2572,1749,5,0.3937217495122414
2573,1750,5,0.6502210801013446
2574,1751,6,1.0001176143084791
2575,1752,7,0.805704657312287
2576,1753,8,1.2560721339869103
2577,1754,3,0.42594724573716647
2578,1755,4,0.7436976849015005
2579,1756,6,1.2187543212502145
258,1757,4,0.8858712654465802
2580,1758,6,1.6246066473387675
2581,1759,4,0.2808870379595947
2582,1760,7,1.1926888618673113
2583,1761,6,0.8237585953264044
2584,1762,2,0.13067698008374679
2585,1763,3,0.5275238102333689
2586,1764,4,0.5170879386342534
2587,1765,4,0.45605851119057045
2588,1766,4,0.849386945196416
2589,1767,4,0.4302913854174342
259,1768,4,0.4335076773073562
2590,1769,8,1.502343976222443
2591,1770,7,1.0448891676365402
2592,1771,7,1.8647748566784796
2593,1772,5,0.5366911511374454
2594,1773,5,0.46275336479620593
2595,1774,6,1.039317018611584
2596,1775,4,0.07408416965213183
2597,1776,6,0.6118057058969467
2598,1777,5,0.7996388308574222
2599,1778,3,0.2844772849684056
26,1779,2,0.19881385968656362
260,1780,5,1.035599669315316
2600,1781,5,0.8070006540328671
2601,1782,6,1.2374844386848725
2602,1783,4,0.3611898020977926
2603,1784,6,0.8046537567525981
2604,1785,4,0.477090161956766
2605,1786,3,0.2364228449977682
2606,1787,3,0.37729369539912694
2607,1788,5,1.33253002896946
2608,1789,4,0.29885245567996027
2609,1790,7,1.2634083814971702
261,1791,5,1.49066172213456
2610,1792,4,1.0613716957965256
2611,1793,3,0.2129367489320588
2612,1794,5,0.9513893888724828
2613,1795,6,0.7763874474115748
2614,1796,2,0.35459892232367807
2615,1797,4,0.43368758276707015
2616,1798,5,0.29857306966092884
2617,1799,6,0.5037094773703343
2618,1800,7,0.9283330103379149
2619,1801,4,0.6812001492984296
262,1802,4,0.47039245696525983
2620,1803,5,0.49987748542489313
2621,1804,2,0.5945403818366106
2622,1805,3,0.542473464001048
2623,1806,4,0.33655941050252197
2624,1807,5,1.066390515119668
2625,1808,9,1.3049166252567346
2626,1809,3,0.10444686080987604
2627,1810,2,0.19935915935051204
2628,1811,1,0.2999034893543625
2629,1812,4,0.09278265585696288
263,1813,5,0.49706591338768974
2630,1814,3,0.16975471348697072
2631,1815,2,0.17848538130133107
2632,1816,3,0.08477911276349603
2633,1817,4,0.27308858707827555
2634,1818,4,0.7921430204373108
2635,1819,3,0.07619805836308947
2636,1820,5,0.3058007401438697
2637,1821,7,2.022392982570933
2638,1822,5,0.1445869792670384
2639,1823,6,0.3772560201363916
264,1824,5,0.9106315098073445
2640,1825,4,0.8512106004580063
2641,1826,1,0.032254202464609485
2642,1827,2,0.1381570881324694
2643,1828,4,1.7105539967565129
2644,1829,2,0.1744356834069275
2645,1830,3,0.3196944123373837
2646,1831,1,0.15057040793451335
2647,1832,2,0.07719775664781436
2648,1833,4,0.16477554366575875
2649,1834,8,2.0999139000176528
265,1835,6,0.5420112158759054
2650,1836,2,0.06240016395303276
2651,1837,10,0.7258861371274847
2652,1838,8,2.2301816110097445
2653,1839,4,0.47785879767193007
2654,1840,6,0.34816687121144096
2655,1841,8,3.260714905867184
2656,1842,9,0.735396818142694
2657,1843,12,2.078266673776982
2658,1844,10,3.2974917184911288
2659,1845,3,0.3959544594462167
266,1846,7,1.0193678987383132
2660,1847,14,3.561403693186253
2661,1848,11,3.0029233479467967
2662,1849,5,0.2073340274601351
2663,1850,5,0.6691911193973452
2664,1851,7,0.949025987378159
2665,1852,2,0.18218364095663875
2666,1853,4,0.4273123023581208
2667,1854,3,0.45358471996976185
2668,1855,3,0.02533065531156718
2669,1856,3,0.2306097665021768
267,1857,6,1.0514211006095193
2670,1858,4,0.5961960164750556
2671,1859,1,0.027106751615986788
2672,1860,4,0.5501531245369653
2673,1861,5,1.1151228295460927
2674,1862,1,0.03165414280116204
2675,1863,7,0.5297525786764958
2676,1864,7,1.297409729207498
2677,1865,2,0.06068433711024367
2678,1866,4,0.3061248379032931
2679,1867,5,0.4820348578630203
268,1868,5,0.3780254034701567
2680,1869,1,0.10559135153621503
2681,1870,2,0.1809713420643937
2682,1871,5,0.5500711844632253
2683,1872,2,0.06235215861755421
2684,1873,1,0.03288574666272485
2685,1874,3,0.2880660542283075
2686,1875,1,0.008773830182670509
2687,1876,3,0.13749916414844807
2688,1877,2,0.7462755435216651
2689,1878,2,0.015593851760275768
269,1879,4,0.3625241939178651
2690,1880,2,0.06553562995638061
2691,1881,4,0.7839000838313677
2692,1882,1,0.06339266966726412
2693,1883,4,0.3413016173614515
2694,1884,4,0.5457662993424831
2695,1885,4,0.03910821639037621
2696,1886,4,0.08588088990017737
2697,1887,1,0.10561805458944738
2698,1888,1,0.014299857209291271
2699,1889,2,0.09545169596831837
27,1890,2,0.13641871882909024
270,1891,4,0.6253719641595742
2700,1892,4,0.2631049997668363
2701,1893,2,0.031813899714131476
2702,1894,4,0.1366296150844968
2703,1895,4,0.6302616224381185
2704,1896,2,0.04116198690475298
2705,1897,1,0.11585274717575655
2706,1898,2,0.2933870265506713
2707,1899,1,0.019004284680062992
2708,1900,3,0.10169445322171722
2709,1901,2,0.15999574898391078
271,1902,4,0.4659460179110583
2710,1903,4,0.21768547389418952
2711,1904,8,1.020335339546876
2712,1905,8,1.3941447696169842
2713,1906,6,0.1821128237081043
2714,1907,6,0.3153120400873265
2715,1908,7,1.7817200697043956
2716,1909,5,0.30698047924404454
2717,1910,6,0.4585223691095906
2718,1911,3,0.44727291232173194
2719,1912,2,0.07529573768478225
272,1913,8,0.7414047073723368
2720,1914,5,0.20795420831845415
2721,1915,6,1.5585038610989586
2722,1916,4,0.20327867107968284
2723,1917,5,0.6157946271136077
2724,1918,3,0.39480997377595195
2725,1919,2,0.1274024025650355
2726,1920,5,0.9510362798270587
2727,1921,8,1.6091285846248853
2728,1922,4,0.30263649936097387
2729,1923,6,0.9282304652230746
273,1924,4,1.0571919730391053
2730,1925,6,0.995946673385966
2731,1926,4,0.27647100336266467
2732,1927,8,1.1921356020356042
2733,1928,9,2.2285086084990153
2734,1929,1,0.022738851776372644
2735,1930,2,0.06730963339507473
2736,1931,3,0.1618037446372719
2737,1932,3,0.08978035101790861
2738,1933,3,0.15626471231412373
2739,1934,4,0.1848435355398784
274,1935,5,0.24954494347207887
2740,1936,2,0.09990170525367281
2741,1937,2,0.12479099927490031
2742,1938,4,0.28390650709255294
2743,1939,2,0.1004927222413605
2744,1940,5,0.38012778910392436
2745,1941,5,0.6719204327643615
2746,1942,4,0.141676829879301
2747,1943,4,0.4427791821391398
2748,1944,4,0.39197419394425465
2749,1945,4,0.07496092422023753
275,1946,4,0.3427468905099306
2750,1947,6,0.5017009848510757
2751,1948,4,0.9121290161653264
2752,1949,1,0.11611403894495688
2753,1950,4,0.2412733050841779
2754,1951,4,0.41967570952914424
2755,1952,1,0.023022039734828026
2756,1953,3,0.1594625226856548
2757,1954,2,0.15664259508804623
2758,1955,2,0.050345445440794855
2759,1956,6,0.19807912256277463
276,1957,4,0.6341275275795033
2760,1958,6,0.3463140804903738
2761,1959,2,0.04459537869052457
2762,1960,5,0.6142658368485122
2763,1961,5,0.8540880896421106
2764,1962,3,0.10853534600032855
2765,1963,5,0.34995560305940876
2766,1964,5,0.9014236856416947
2767,1965,2,0.11093188045787311
2768,1966,5,0.5521684480039961
2769,1967,3,0.7258674189466402
277,1968,4,0.35721207514905223
2770,1969,3,0.14330315785816058
2771,1970,4,0.28967654019820993
2772,1971,5,0.42533268014046716
2773,1972,5,0.1526110649544067
2774,1973,4,0.39658002909382273
2775,1974,4,0.6514693243041242
2776,1975,2,0.04675541368600425
2777,1976,4,0.43931242909900065
2778,1977,6,1.0071177833456282
2779,1978,3,0.16819149337080883
278,1979,4,0.6324140601587167
2780,1980,6,0.7837116446347651
2781,1981,6,1.0694253265218792
2782,1982,2,0.07139734628411547
2783,1983,5,0.4151682993199944
2784,1984,4,0.6205079442704666
2785,1985,2,0.03698074533842922
2786,1986,2,0.04580928161229475
2787,1987,8,0.9447103888138454
2788,1988,4,0.41346911067612785
2789,1989,4,0.5617950059067212
279,1990,5,0.9319208045367446
2790,1991,5,0.3640187534656119
2791,1992,6,0.6969001278376623
2792,1993,8,1.422842785020981
2793,1994,6,1.0187805247152857
2794,1995,3,0.10363206396414966
2795,1996,2,0.0930810106051814
2796,1997,7,1.5327445071177392
2797,1998,2,0.09605021494677389
2798,1999,3,0.2974538716196058
2799,2000,5,0.277338953138315
28,2001,6,1.529949718786045
280,2002,3,0.6133669643622452
2800,2003,1,0.03194796860117492
2801,2004,4,0.339440312334413
2802,2005,3,0.44281286101160405
2803,2006,2,0.09170541319401869
2804,2007,3,0.21509029574523605
2805,2008,2,0.2604332347034603
2806,2009,3,0.09535257158771912
2807,2010,3,0.36888222408912547
2808,2011,4,0.44110408631896136
2809,2012,4,0.09655706253421065
281,2013,3,0.6259739637929858
2810,2014,3,0.11844679829081453
2811,2015,2,0.12353281286121678
2812,2016,4,0.07223916466662514
2813,2017,3,0.11130847778686555
2814,2018,3,0.11311738057837774
2815,2019,2,0.054252520261466285
2816,2020,4,0.21567408334053437
2817,2021,4,0.5950053790951646
2818,2022,4,0.06307278057101613
2819,2023,3,0.14268159051846577
282,2024,6,0.7392553590212625
2820,2025,4,0.7404288992307378
2821,2026,4,0.13762597816454078
2822,2027,2,0.12795713426583305
2823,2028,3,0.395365353677771
2824,2029,3,0.17977419894048038
2825,2030,2,0.3099057896482466
2826,2031,2,0.25853460611609386
2827,2032,2,0.16658651194179858
2828,2033,3,0.2572219949311996
2829,2034,3,0.2563464846767287
283,2035,4,0.12968106066893223
2830,2036,1,0.02262718646417114
2831,2037,1,0.04308272938629961
2832,2038,3,0.2688089080379444
2833,2039,3,0.10948919082050972
2834,2040,2,0.25150454134998224
2835,2041,1,0.12941026426625066
2836,2042,3,0.11650892572106282
2837,2043,3,0.09739383875314844
2838,2044,4,0.22081466317970852
2839,2045,2,0.03666606538877062
284,2046,6,0.8278384582696189
2840,2047,3,0.03848477390749159
2841,2048,2,0.20518193179932748
2842,2049,2,0.08649787458554582
2843,2050,2,0.16284759881587443
2844,2051,2,0.10290057381631962
2845,2052,3,0.09800124395153063
2846,2053,4,0.11358200618416246
2847,2054,4,0.12058145948547665
2848,2055,3,0.08832872136379132
2849,2056,3,0.12501577055888535
285,2057,4,1.0173696825175724
2850,2058,3,0.19322390472228665
2851,2059,1,0.044778610148345215
2852,2060,2,0.09798872280236981
2853,2061,2,0.14995076160528736
2854,2062,2,0.01756304566029944
2855,2063,2,0.057145253320076944
2856,2064,4,0.2367719479173329
2857,2065,3,0.09550848678397139
2858,2066,4,0.3448611158784305
2859,2067,4,0.5570595090012427
286,2068,6,0.33771871927389024
2860,2069,5,0.1983158720727117
2861,2070,5,0.44982734542055686
2862,2071,3,0.4556891021621863
2863,2072,6,0.4020718683318906
2864,2073,6,0.37788796228592103
2865,2074,4,0.3652825152347435
2866,2075,2,0.06971414928145095
2867,2076,2,0.14677769415995548
2868,2077,2,0.228790172872623
2869,2078,3,0.05696759260845154
287,2079,8,0.9198278355112894
2870,2080,3,0.11626088706516596
2871,2081,3,0.3654607293573877
2872,2082,2,0.06621584284250079
2873,2083,4,0.5360603664176607
2874,2084,2,0.04135893953503506
2875,2085,2,0.09339733156757087
2876,2086,5,0.42967134484452135
2877,2087,5,0.31790389731699814
2878,2088,2,0.06684787305429554
2879,2089,3,0.14841522535153534
288,2090,4,0.7369324658343906
2880,2091,5,0.736063539891277
2881,2092,3,0.07293902842864372
2882,2093,2,0.18776695459309564
2883,2094,4,0.37680722148892787
2884,2095,4,0.11191124653971125
2885,2096,3,0.17908704089912048
2886,2097,4,0.7096899905106928
2887,2098,1,0.07632226218011694
2888,2099,4,0.5469069884778728
2889,2100,4,0.5682436537769041
289,2101,10,0.8742567134810799
2890,2102,4,0.13184352439032557
2891,2103,3,0.24696924821879537
2892,2104,2,0.5458575365733644
2893,2105,3,0.08758944796704111
2894,2106,3,0.1870999814553641
2895,2107,2,0.4528821767784914
2896,2108,1,0.07145588517551227
2897,2109,3,0.1775736932175987
2898,2110,4,0.4650640657681406
2899,2111,2,0.08221126957064613
29,2112,7,1.0509668593235948
290,2113,6,1.1720031905085089
2900,2114,4,0.369995793930995
2901,2115,4,0.4983374126589389
2902,2116,2,0.027704183924970767
2903,2117,3,0.11510880776410626
2904,2118,4,0.41400829160106567
2905,2119,1,0.07897089032441897
2906,2120,3,0.14369466945944326
2907,2121,4,0.7070292727181191
2908,2122,1,0.10395813009771093
2909,2123,3,0.2925638464445423
291,2124,3,0.7259463878268967
2910,2125,4,1.1155174898321882
2911,2126,2,0.06629472929084582
2912,2127,2,0.07722872501839631
2913,2128,1,0.11238371139797962
2914,2129,2,0.09586735133809061
2915,2130,3,0.2311581604980904
2916,2131,4,0.410624812057714
2917,2132,2,0.1195991929822629
2918,2133,4,0.25573780826215686
2919,2134,3,0.38654725333728823
292,2135,2,0.21892324590644233
2920,2136,2,0.06898692693493691
2921,2137,3,0.15633697886483672
2922,2138,2,0.5717910579080063
2923,2139,4,0.04832924943175449
2924,2140,4,0.11143028869831806
2925,2141,4,0.439832313913876
2926,2142,2,0.08329579837331914
2927,2143,2,0.11735619577729112
2928,2144,2,0.3797046971768819
2929,2145,2,0.05076871173938344
293,2146,7,1.0284790081093023
2930,2147,2,0.08176631289619801
2931,2148,4,0.3641190166468624
2932,2149,2,0.0463228563063156
2933,2150,2,0.09424773987732453
2934,2151,4,0.7497969698780524
2935,2152,1,0.0668531803210251
2936,2153,2,0.14636055678056234
2937,2154,6,0.8178969233703117
2938,2155,2,0.05403298545071318
2939,2156,4,0.23029750879073824
294,2157,5,1.7075644585807923
2940,2158,3,0.638364921100403
2941,2159,3,0.1631379967940554
2942,2160,4,0.4640538676280818
2943,2161,2,0.18257254628988095
2944,2162,2,0.02797727724625655
2945,2163,2,0.020996827831865943
2946,2164,6,0.7381471714174511
2947,2165,1,0.06660227899493142
2948,2166,1,0.05980195441620549
2949,2167,3,0.41222945787201287
295,2168,1,0.0662435259148621
2950,2169,2,0.06238940741522203
2951,2170,5,0.48367128403624315
2952,2171,3,0.46146032691108635
2953,2172,2,0.07619000267568835
2954,2173,2,0.12164353147663248
2955,2174,5,0.4007967805604128
2956,2175,2,0.10128822025126481
2957,2176,2,0.07987352236001238
2958,2177,3,0.37040136999899365
2959,2178,2,0.008993051652694995
296,2179,12,3.557363567178201
2960,2180,4,0.10284806853743383
2961,2181,2,0.31289185404010866
2962,2182,5,0.46423957241550895
2963,2183,7,0.9729580433587247
2964,2184,4,0.8583049985042468
2965,2185,2,0.06903866986930579
2966,2186,6,0.5194390046817742
2967,2187,6,0.8218311870900261
2968,2188,2,0.21185985899774532
2969,2189,4,0.7330636257641495
297,2190,10,2.4932162731014222
2970,2191,5,0.9951469741246141
2971,2192,2,0.03670136948228199
2972,2193,3,0.2198068756094452
2973,2194,5,0.4745408481642547
2974,2195,2,0.07741919561719252
2975,2196,4,0.1615471537036755
2976,2197,4,0.2845947249010804
2977,2198,2,0.08093237743569753
2978,2199,2,0.11564026797402369
2979,2200,4,0.2354464026015496
298,2201,3,0.5420610631928023
2980,2202,2,0.05923399829290782
2981,2203,3,0.330797275463228
2982,2204,2,0.6125680666932285
2983,2205,2,0.12154822463746666
2984,2206,5,0.37639547882244584
2985,2207,4,0.3136539630263516
2986,2208,4,0.21586776673110492
2987,2209,7,0.4391361781629122
2988,2210,5,0.6601168509513291
2989,2211,4,0.21018025936252024
299,2212,4,1.00787064625924
2990,2213,3,0.38733581743662115
2991,2214,3,0.12082397970039412
2992,2215,2,0.1268936064251721
2993,2216,4,0.2038658290118325
2994,2217,4,0.2982101486901907
2995,2218,2,0.06960899157325942
2996,2219,3,0.11700581279347251
2997,2220,4,0.22827854412414145
2998,2221,2,0.05180299151090451
2999,2222,3,0.2521037903107703
3,2223,4,0.7322199034620042
30,2224,4,0.6630555109040721
300,2225,8,3.215182134593129
3000,2226,3,0.460891809935422
3001,2227,5,0.3011685178165803
3002,2228,5,0.9513842147106755
3003,2229,5,0.8679929095739592
3004,2230,8,0.5373667133513581
3005,2231,8,0.8474392344479752
3006,2232,4,0.3633875572375237
3007,2233,3,0.15856149479938492
3008,2234,4,0.8775059241337614
3009,2235,4,0.48244613448721335
301,2236,4,1.2027697680828753
3010,2237,6,0.3312036536740803
3011,2238,7,0.8895010711009984
3012,2239,5,1.3366129600596035
3013,2240,1,0.17282145481768063
3014,2241,4,0.35182563407672013
3015,2242,4,0.4896781116583772
3016,2243,7,0.6706149387925688
3017,2244,7,1.3418459794502084
3018,2245,4,0.768355588122102
3019,2246,5,0.42072488676935216
302,2247,8,1.9623764798999161
3020,2248,5,1.0937277458228611
3021,2249,6,1.3111378730628769
3022,2250,3,0.24973721050910386
3023,2251,3,0.3424021741746948
3024,2252,2,0.6074567973639389
3025,2253,1,0.10549740857944978
3026,2254,4,0.7727515319685485
3027,2255,5,1.2240877929151088
3028,2256,2,0.1456678764774046
3029,2257,5,0.627463638850242
303,2258,6,1.0192054326817481
3030,2259,7,1.4996058909620906
3031,2260,2,0.16178056356470166
3032,2261,2,0.2119965953505193
3033,2262,6,1.197416227723204
3034,2263,2,0.12257917143648024
3035,2264,4,0.6654520617831633
3036,2265,5,1.0154201188698802
3037,2266,3,0.06144401293548267
3038,2267,4,0.13566516340611426
3039,2268,4,0.4321649264439086
304,2269,2,0.12315653455673489
3040,2270,1,0.04002688381626343
3041,2271,4,0.4345477337972544
3042,2272,5,0.4013782978745275
3043,2273,2,0.07218303509321132
3044,2274,3,0.48701315937764117
3045,2275,4,0.7158774025881048
3046,2276,4,0.35465493339922183
3047,2277,7,0.945367655199676
3048,2278,8,1.6007844803487696
3049,2279,4,0.26642314313702126
305,2280,8,2.630922894193134
3050,2281,4,0.798950458828926
3051,2282,2,0.17406651808911508
3052,2283,3,0.1918523561827068
3053,2284,8,0.8624952759335335
3054,2285,7,1.4259985037052552
3055,2286,6,0.31759323505096976
3056,2287,8,1.2697803729839765
3057,2288,4,1.067641969612154
3058,2289,2,0.1309362617148847
3059,2290,6,0.6673390079475139
306,2291,6,1.4206031488802517
3060,2292,5,1.1224004106528953
3061,2293,6,0.49856722749589527
3062,2294,5,1.0769060608577168
3063,2295,3,0.34888468006592005
3064,2296,1,0.07425457774825157
3065,2297,6,0.5999284394890744
3066,2298,6,1.132883271309653
3067,2299,4,0.15578952176669897
3068,2300,4,0.3546964513881862
3069,2301,8,2.1436539720117223
307,2302,9,1.7929211575558097
3070,2303,2,0.07014124494290588
3071,2304,3,0.34111279721382637
3072,2305,6,1.2817145055205623
3073,2306,3,0.138853695286001
3074,2307,4,0.1875196841176003
3075,2308,6,1.4889431616239688
3076,2309,4,0.08817191553120801
3077,2310,5,0.17487659639356112
3078,2311,6,1.1456500011872806
3079,2312,2,0.045225389007149085
308,2313,11,2.215307279769573
3080,2314,1,0.08521778798527332
3081,2315,6,1.3954778948945774
3082,2316,6,0.3262399020167336
3083,2317,5,0.46873095107173757
3084,2318,7,2.1498819299467744
3085,2319,2,0.03787329150376576
3086,2320,8,1.0811412704223413
3087,2321,5,0.7130827767065232
3088,2322,3,0.6985785555318446
3089,2323,4,0.70879044985088
309,2324,8,2.2809182347589143
3090,2325,2,0.41261761102150496
3091,2326,4,0.31940657401466666
3092,2327,5,0.838369370107662
3093,2328,4,1.089523491190434
3094,2329,4,0.5765385056713671
3095,2330,5,0.613727122284647
3096,2331,3,0.557688126149992
3097,2332,4,0.5386986725872669
3098,2333,6,0.6786442920166735
3099,2334,2,0.28527462505874385
31,2335,4,0.21866105001063418
310,2336,2,0.15916149750602118
3100,2337,2,0.14092817432821955
3101,2338,5,0.4455392903765253
3102,2339,3,0.5207954599130853
3103,2340,3,0.10559720190935343
3104,2341,6,0.2981790924720242
3105,2342,5,0.8524588305924276
3106,2343,4,0.1394984532544237
3107,2344,4,0.7600768946303772
3108,2345,5,1.4501223853677228
3109,2346,2,0.28118955630732584
311,2347,9,1.969789555414043
3110,2348,4,0.6476174847391658
3111,2349,8,1.9520185434290773
3112,2350,4,0.2266358104094696
3113,2351,4,0.34337395136808735
3114,2352,4,0.4545294335291019
3115,2353,5,1.0393734611715164
3116,2354,4,0.4814093937597427
3117,2355,2,0.4343432955619687
3118,2356,5,0.4504026711769705
3119,2357,6,0.7146071576204795
312,2358,10,3.928745505443927
3120,2359,6,1.61636645630159
3121,2360,3,0.12820147069457083
3122,2361,4,0.25974836866382706
3123,2362,4,0.9153867044579321
3124,2363,2,0.28953245711751896
3125,2364,4,0.5715007505394119
3126,2365,4,0.7938967963161094
3127,2366,5,0.5419727318478446
3128,2367,8,1.023662553550104
3129,2368,5,1.0741548500967615
313,2369,8,1.8250447138008263
3130,2370,5,0.7795596512824065
3131,2371,3,0.7560771925661581
3132,2372,4,1.1807152783361892
3133,2373,4,0.4546848834188798
3134,2374,4,0.4779524111795026
3135,2375,4,0.8548114695029553
3136,2376,6,0.6239101904131233
3137,2377,8,1.1863697151776433
3138,2378,5,0.6523497578953694
3139,2379,4,0.22511151500411694
314,2380,7,1.7576592967995046
3140,2381,2,0.3062971048218219
3141,2382,2,0.2526045395893764
3142,2383,4,0.239166249778374
3143,2384,2,0.2307032374526578
3144,2385,4,1.1923718820626743
3145,2386,3,0.19999734413645856
3146,2387,4,0.33062766168573776
3147,2388,4,0.30527836321841817
3148,2389,3,0.15204773427018578
3149,2390,2,0.10349880974849521
315,2391,5,1.3347199533064158
3150,2392,3,0.6648109347453252
3151,2393,4,0.17409302987765213
3152,2394,4,0.3075596028138356
3153,2395,4,0.314235835335726
3154,2396,6,0.5540679443401821
3155,2397,7,0.8248826297411561
3156,2398,4,1.8234017661737707
3157,2399,1,0.12280934667303882
3158,2400,8,1.2834865123732442
3159,2401,6,1.2527030370399852
316,2402,6,0.8352609143157218
3160,2403,2,0.4286315987399608
3161,2404,8,1.3917117691410679
3162,2405,4,1.1694828208900248
3163,2406,4,0.47747179449542776
3164,2407,6,1.2436567882806344
3165,2408,6,1.4968210926924184
3166,2409,3,0.18108712781127453
3167,2410,7,1.0576043730070293
3168,2411,8,1.7627933815399701
3169,2412,4,0.1340939505495742
317,2413,9,1.3735857095287825
3170,2414,6,0.5222426659116404
3171,2415,4,0.3277959059530103
3172,2416,3,0.21662038465490124
3173,2417,5,0.47267944842645543
3174,2418,5,0.544859479047799
3175,2419,3,0.22138270805943067
3176,2420,3,0.33624083342585753
3177,2421,5,0.8278247795839361
3178,2422,2,0.1292698862573313
3179,2423,2,0.3359154393715509
318,2424,7,1.4454129018198283
3180,2425,2,0.16624148326262664
3181,2426,2,0.10312002878628067
3182,2427,2,0.2461001218210324
3183,2428,4,0.385181323145318
3184,2429,3,0.08566171404431838
3185,2430,4,0.1934012710926733
3186,2431,4,0.7229976690442841
3187,2432,4,0.30698576932178084
3188,2433,5,0.8432661637928599
3189,2434,5,0.4106868605287904
319,2435,6,0.386821712340837
3190,2436,2,0.12008918108734913
3191,2437,2,0.3387130280169957
3192,2438,4,0.24412326912602983
3193,2439,2,0.0702277443931754
3194,2440,3,0.36837823664123787
3195,2441,2,0.1471664160139566
3196,2442,1,0.04836564642448599
3197,2443,4,0.47368554450716405
3198,2444,4,0.5378989540473134
3199,2445,4,0.6927179731673222
32,2446,6,0.7387133682343657
320,2447,7,1.4368527045221187
3200,2448,2,0.5617221035603166
3201,2449,3,0.18811238643600087
3202,2450,2,0.06338839666644079
3203,2451,5,0.7764180195604375
3204,2452,5,1.3986611165893683
3205,2453,6,0.9248839906623723
3206,2454,3,0.9368691847809397
3207,2455,6,0.6911951759949293
3208,2456,2,0.2298974429120873
3209,2457,5,0.37666693241168986
321,2458,4,0.9901618983568103
3210,2459,2,0.4434826469592558
3211,2460,4,0.19931728517586728
3212,2461,9,1.3908998702516597
3213,2462,9,1.7948230964362537
3214,2463,3,0.17988088900246
3215,2464,4,0.5099139669731757
3216,2465,4,0.8799496193507319
3217,2466,5,0.3042744629749364
3218,2467,6,0.5905981082769394
3219,2468,6,1.1693989094874593
322,2469,6,0.8254991228088363
3220,2470,4,0.1387137632260192
3221,2471,4,0.2567779308485349
3222,2472,7,1.0962379154869843
3223,2473,2,0.11755224017378957
3224,2474,3,0.18079810168789065
3225,2475,5,0.605261378276951
3226,2476,2,0.08101869775291182
3227,2477,4,0.30238160783714496
3228,2478,4,0.7644315585208182
3229,2479,1,0.07348170331177765
323,2480,8,1.7494978147662066
3230,2481,5,0.3614336165160228
3231,2482,3,0.8434563715190339
3232,2483,2,0.1004103883205488
3233,2484,4,0.27118705078971134
3234,2485,4,0.5088465119275943
3235,2486,2,0.10632246926525132
3236,2487,4,0.49740073992624145
3237,2488,4,0.5916251214158177
3238,2489,4,0.11488204791424254
3239,2490,6,0.3251002867114616
324,2491,7,1.6611153697641736
3240,2492,2,0.6776657785197688
3241,2493,4,0.13218505780446269
3242,2494,4,0.2722837408365173
3243,2495,5,0.8365994058304702
3244,2496,4,0.07014524100680238
3245,2497,4,0.39151231542761
3246,2498,3,0.44193513342822055
3247,2499,1,0.10458260670629875
3248,2500,3,0.5345496177076366
3249,2501,4,0.48196164619908793
325,2502,6,0.7931217537455414
3250,2503,5,0.233865436233527
3251,2504,4,0.7205734387895393
3252,2505,2,0.5378213099365108
3253,2506,6,0.37415397177638066
3254,2507,6,1.0608636808627225
3255,2508,4,0.8471441847094332
3256,2509,4,0.15147007535238738
3257,2510,5,0.439297263232613
3258,2511,3,0.33681509165190965
3259,2512,2,0.12466883242171094
326,2513,6,1.173621781599486
3260,2514,5,0.8445527222797176
3261,2515,7,0.8022540269860184
3262,2516,2,0.07702053735387178
3263,2517,5,0.1739089495195126
3264,2518,3,0.502086799572609
3265,2519,2,0.08225589744513902
3266,2520,6,0.5923065062562275
3267,2521,6,1.0743667863248996
3268,2522,5,0.2572373112877907
3269,2523,5,0.4743544077130931
327,2524,5,0.8673182559158075
3270,2525,4,0.8579289727215318
3271,2526,2,0.14243608596429855
3272,2527,3,0.290742741264058
3273,2528,3,0.34592430366385857
3274,2529,4,0.1429906006096643
3275,2530,5,0.4674574332570437
3276,2531,7,0.918700407724652
3277,2532,1,0.012232038389045446
3278,2533,8,0.710422008383462
3279,2534,7,1.5837133040966287
328,2535,4,0.6163636099678603
3280,2536,6,0.41094192115813905
3281,2537,6,1.0688891273111683
3282,2538,4,0.4720315494139905
3283,2539,4,0.22395259930329722
3284,2540,3,0.19452173677408227
3285,2541,4,0.20622247070963204
3286,2542,2,0.20385528567182615
3287,2543,2,0.26318895642916784
3288,2544,1,0.13531782327559527
3289,2545,2,0.06684028913622889
329,2546,4,0.9941934633761588
3290,2547,2,0.17784013342056432
3291,2548,2,0.3132173580536832
3292,2549,4,0.16191394254904753
3293,2550,4,0.21620609076890776
3294,2551,2,0.1978870042389085
3295,2552,1,0.07358419968441829
3296,2553,1,0.18135251443256678
3297,2554,1,0.21036587207798566
3298,2555,2,0.03569692423416497
3299,2556,4,0.1976022415427533
33,2557,4,0.7071482118316366
330,2558,4,1.2325879093044136
3300,2559,3,0.1386172600751429
3301,2560,2,0.07018325176692596
3302,2561,2,0.14253073123165383
3303,2562,3,0.3793146953796024
3304,2563,2,0.06043705060205196
3305,2564,2,0.10798444538964826
3306,2565,4,0.5191910046756917
3307,2566,1,0.05366779311405102
3308,2567,1,0.07508259868420435
3309,2568,2,0.35780896965822107
331,2569,3,0.2967607436524655
3310,2570,2,0.0654158435095566
3311,2571,2,0.18294183404124018
3312,2572,4,0.41923213415937727
3313,2573,1,0.08951416885890436
3314,2574,2,0.2063137263415984
3315,2575,4,0.3284791287462202
3316,2576,4,0.05740890608014096
3317,2577,4,0.13661580240919266
3318,2578,2,0.11272735360671902
3319,2579,2,0.03808775693145953
332,2580,5,1.045119616381161
3320,2581,2,0.15007942234549337
3321,2582,1,0.2033757980242995
3322,2583,4,0.047652922226703025
3323,2584,2,0.10834941679631313
3324,2585,3,0.19318770641109193
3325,2586,1,0.09434577446964601
3326,2587,4,0.1255082764861801
3327,2588,4,0.23632117777560252
3328,2589,3,0.12844366032609594
3329,2590,3,0.2484945831811094
333,2591,5,0.8328106581703077
3330,2592,2,0.5624869304240224
3331,2593,4,0.17860230179788195
3332,2594,4,0.3961021051246549
3333,2595,2,0.25197956589074877
3334,2596,1,0.11738209226425605
3335,2597,2,0.27714792424332324
3336,2598,4,0.31734495255974676
3337,2599,2,0.12195316303585037
3338,2600,2,0.23907430113354422
3339,2601,2,0.20438307530911737
334,2602,2,0.12324487555326596
3340,2603,2,0.09353443887198395
3341,2604,3,0.18750970461907124
3342,2605,3,0.2204390554905626
3343,2606,4,0.08647592796718646
3344,2607,3,0.22746256880774862
3345,2608,3,0.24998439977655695
3346,2609,4,0.15572829343404562
3347,2610,6,0.3033801254999832
3348,2611,6,0.5697650315011479
3349,2612,1,0.0367214450694988
335,2613,2,0.09215694294119395
3350,2614,1,0.05199541386449966
3351,2615,3,0.26302836645846306
3352,2616,2,0.16190615840229897
3353,2617,5,0.41199541687630403
3354,2618,4,0.27655710537243833
3355,2619,2,0.2530056670574018
3356,2620,3,0.19767223897905026
3357,2621,2,0.13470267063694563
3358,2622,2,0.08893261322485616
3359,2623,2,0.1401599639186782
336,2624,8,2.5636996304266493
3360,2625,4,0.3685240537673087
3361,2626,2,0.04181030205334236
3362,2627,2,0.1395899502166495
3363,2628,2,0.19202943309798268
3364,2629,1,0.05922042637162924
3365,2630,1,0.17032092548760913
3366,2631,3,0.281887205076255
3367,2632,2,0.07696633904867356
3368,2633,3,0.2856571452758885
3369,2634,4,0.36905594495522537
337,2635,8,0.44108281105169367
3370,2636,2,0.09969092312410062
3371,2637,2,0.13885325410429258
3372,2638,4,0.42401815824311295
3373,2639,2,0.08458344708683535
3374,2640,3,0.12031657255537068
3375,2641,4,0.4152333972249579
3376,2642,4,0.08788052109320586
3377,2643,4,0.35862097044460467
3378,2644,3,0.4882127453733204
3379,2645,2,0.17699386547888568
338,2646,8,0.7222904270305299
3380,2647,5,0.37854017397478
3381,2648,7,0.22192531876105429
3382,2649,3,0.1533251013578667
3383,2650,3,0.28789434478689263
3384,2651,3,0.2955972316435876
3385,2652,2,0.030826580884865847
3386,2653,3,0.12118293445215003
3387,2654,4,0.37301676354741653
3388,2655,4,0.22147823402873815
3389,2656,3,0.36146747008436225
339,2657,7,2.0488572066507236
3390,2658,3,0.35443707176390266
3391,2659,1,0.049193358963032126
3392,2660,4,0.3350504636435741
3393,2661,3,0.37187626977774685
3394,2662,4,0.10003732705418228
3395,2663,3,0.2900837845284575
3396,2664,4,0.22952104571159282
3397,2665,2,0.169763988625726
3398,2666,5,0.2977586178949901
3399,2667,2,0.41256270640183423
34,2668,4,0.28746932070826636
340,2669,4,0.21202204140648948
3400,2670,2,0.22720897775519341
3401,2671,3,0.4644625564033465
3402,2672,3,0.31440314394916613
3403,2673,5,0.2930628016906327
3404,2674,8,0.9600947245822825
3405,2675,6,1.9331167741319886
3406,2676,2,0.23933755182261035
3407,2677,8,1.4839977457802533
3408,2678,6,1.2756320981139375
3409,2679,4,0.44213400974272965
341,2680,6,0.339998278834635
3410,2681,7,0.7268928399769917
3411,2682,5,0.781002802252325
3412,2683,8,1.4555556705035586
3413,2684,8,2.1179914446268144
3414,2685,6,0.843411995313373
3415,2686,2,0.02006658835119659
3416,2687,4,0.42137681421458684
3417,2688,5,1.1274217955283414
3418,2689,3,0.31854540454925473
3419,2690,6,0.782278424749675
342,2691,10,3.1289953958091146
3420,2692,5,1.4669624085293547
3421,2693,5,0.29989616589332707
3422,2694,11,2.752444577793914
3423,2695,11,3.940707890132337
3424,2696,4,0.7919095869545631
3425,2697,6,1.2803506651576384
3426,2698,5,1.066765861397455
3427,2699,3,0.6967277023708541
3428,2700,4,0.5049314215700754
3429,2701,4,0.59244359652188
343,2702,8,1.9592112200802956
3430,2703,6,0.8236121690648928
3431,2704,6,1.2329754652564484
3432,2705,5,1.649374462938505
3433,2706,4,0.44148211932222425
3434,2707,6,1.1022913882704748
3435,2708,5,1.4743797994459444
3436,2709,2,0.05693269957377865
3437,2710,5,0.9613027817893572
3438,2711,5,1.0686049825945982
3439,2712,5,0.7249243812620773
344,2713,9,2.2177749312812556
3440,2714,7,0.7709349696965486
3441,2715,7,1.0941724360958685
3442,2716,7,0.68217591555295
3443,2717,7,1.1138250066207784
3444,2718,5,1.743843951362685
3445,2719,4,0.1556349560698364
3446,2720,8,1.659797925175472
3447,2721,8,1.155947451567895
3448,2722,4,0.45368032475661335
3449,2723,5,0.7913181179595832
345,2724,6,1.0918224426145144
3450,2725,6,1.2000091413653236
3451,2726,4,0.17660840234447223
3452,2727,6,0.7376587912738893
3453,2728,4,1.0639568284941125
3454,2729,4,0.403942540144816
3455,2730,5,1.1265103828277667
3456,2731,8,2.155958301761259
3457,2732,4,0.23398310796487476
3458,2733,4,0.9181139582986091
3459,2734,4,0.4847270050265306
346,2735,8,1.754207163873294
3460,2736,2,0.25843832700837716
3461,2737,4,0.8621728706246381
3462,2738,6,1.4952669776537284
3463,2739,3,0.17808686463583898
3464,2740,6,0.703306164236487
3465,2741,4,0.9461795514873935
3466,2742,4,0.692558872777848
3467,2743,5,0.5486521020082231
3468,2744,4,0.5418398030135622
3469,2745,4,0.14985507443786927
347,2746,8,2.04478628297079
3470,2747,4,0.1889587065540405
3471,2748,7,2.4875194897536206
3472,2749,7,0.7337505002983332
3473,2750,6,1.0777863281876894
3474,2751,7,1.2715519490487242
3475,2752,3,0.1092219362904385
3476,2753,5,0.6915738235995758
3477,2754,8,1.5061406592375364
3478,2755,4,0.30874790869486024
3479,2756,4,0.5519143897320143
348,2757,7,1.7685599900998128
3480,2758,3,0.3959597461034353
3481,2759,2,0.1025775443703919
3482,2760,7,0.604142168350797
3483,2761,6,0.609529067451034
3484,2762,2,0.11350105227077995
3485,2763,3,0.20254456603814078
3486,2764,2,0.5079631135011244
3487,2765,6,0.24075607943136226
3488,2766,7,0.5049460766861129
3489,2767,6,1.1751981665368356
349,2768,3,0.19130228798500867
3490,2769,5,0.841285003541488
3491,2770,6,0.8720047052609143
3492,2771,4,0.9320410965961545
3493,2772,3,0.2334720360792332
3494,2773,4,0.46964584531323483
3495,2774,7,1.2871660317630103
3496,2775,3,0.3587158040826403
3497,2776,5,0.6701481198618747
3498,2777,4,0.5986227720856123
3499,2778,5,0.1975015509241481
35,2779,6,1.9923458511056484
350,2780,5,0.4090661964918925
3500,2781,5,0.6840132303192258
3501,2782,5,1.0577669139591634
3502,2783,6,0.4735137689511671
3503,2784,7,1.0255316616645422
3504,2785,5,0.8502456478559611
3505,2786,3,0.09847056840784499
3506,2787,8,0.8869885936338713
3507,2788,5,1.4214018741068932
3508,2789,6,0.1133417537400201
3509,2790,3,0.7703513405118745
351,2791,2,0.3097805613234444
3510,2792,6,1.1457986217731109
3511,2793,6,0.08200674658277363
3512,2794,5,0.39691422098607204
3513,2795,6,1.0570222535820681
3514,2796,3,0.19906815307373074
3515,2797,5,0.5947706763298354
3516,2798,6,1.5168374330687915
3517,2799,2,0.03931126791846482
3518,2800,6,0.8859124276316439
3519,2801,6,0.9428010648921372
352,2802,3,0.22965336437665995
3520,2803,3,0.2764133034348569
3521,2804,6,0.9571916544766766
3522,2805,5,1.212312028757889
3523,2806,2,0.11175375948203224
3524,2807,3,0.20256622542888125
3525,2808,6,0.7567055437185758
3526,2809,4,0.2997558436643223
3527,2810,7,0.8244213972034241
3528,2811,4,0.5181641403687633
3529,2812,3,0.24933560691948017
353,2813,3,0.13315647934124414
3530,2814,4,0.6089951353900074
3531,2815,3,0.3018152699237512
3532,2816,5,0.227664154166763
3533,2817,4,0.45745696136739583
3534,2818,2,0.22768558809498962
3535,2819,5,0.30527162467632
3536,2820,4,0.5437813566221097
3537,2821,3,0.31232783471640896
3538,2822,5,0.1793191892888217
3539,2823,5,0.5142347159683602
354,2824,3,0.4333453032141713
3540,2825,4,0.37770736058608084
3541,2826,4,0.16648333535130944
3542,2827,4,0.3132541024966455
3543,2828,3,0.46299207742213927
3544,2829,3,0.21407211531278325
3545,2830,6,0.3873616099072837
3546,2831,4,0.8084401352299961
3547,2832,4,0.17299749960593122
3548,2833,5,0.4123632037575214
3549,2834,4,0.6861853422885468
355,2835,5,0.33499127026995273
3550,2836,4,0.23466477482012396
3551,2837,6,0.47001385891046915
3552,2838,6,1.3659113120419843
3553,2839,2,0.13613984389779044
3554,2840,2,0.2896162774258304
3555,2841,5,0.8536327366060741
3556,2842,2,0.17235450275741782
3557,2843,3,0.16709112749368846
3558,2844,3,0.25591333767683344
3559,2845,2,0.20202113322188825
356,2846,3,0.20003443692280579
3560,2847,4,0.4084014769980649
3561,2848,5,0.3188895954512393
3562,2849,2,0.08313074920340795
3563,2850,3,0.34957638103427846
3564,2851,3,0.3726124147804657
3565,2852,4,0.16142028622515173
3566,2853,4,0.32573050311945373
3567,2854,2,0.0875384425697526
3568,2855,4,0.2103554195398019
3569,2856,6,0.9206986445801517
357,2857,2,0.39430871793033423
3570,2858,3,0.6761894146703885
3571,2859,2,0.2354158064773079
3572,2860,5,0.4875725825386985
3573,2861,4,0.55981618470891
3574,2862,4,0.19940587342841476
3575,2863,5,0.29442315407706
3576,2864,3,0.6241648154048413
3577,2865,3,0.21154561974783628
3578,2866,5,0.4036242167121003
3579,2867,4,0.30892020495003003
358,2868,3,0.1356885273181052
3580,2869,5,0.2824670631580929
3581,2870,6,0.63363058469709
3582,2871,3,0.4599622605439214
3583,2872,4,0.18096129922620344
3584,2873,4,0.7485945848632163
3585,2874,3,0.5779348485325181
3586,2875,2,0.203940005220841
3587,2876,4,0.4638947475082316
3588,2877,4,0.407019807033952
3589,2878,5,0.33968917086442213
359,2879,2,0.08719332329863026
3590,2880,5,0.4008218608363061
3591,2881,7,0.5283216841427353
3592,2882,3,0.1664309574888268
3593,2883,3,0.6001713923547307
3594,2884,3,0.31226081281487006
3595,2885,3,0.1175445964333685
3596,2886,3,0.2646677079507317
3597,2887,4,0.5195534428181755
3598,2888,2,0.16055773776512688
3599,2889,3,0.44745699301363956
36,2890,3,0.517383569688605
360,2891,1,0.18125445477134383
3600,2892,4,0.4659673863676198
3601,2893,6,0.5019461991656468
3602,2894,8,0.8278145603727003
3603,2895,4,1.0738542388021857
3604,2896,6,0.6075845693630454
3605,2897,6,1.2829853604208599
3606,2898,4,0.7717711803111289
3607,2899,5,0.4362784900692651
3608,2900,8,1.1859617581643767
3609,2901,4,0.9141733832459701
361,2902,4,0.22249123054237185
3610,2903,7,0.6340697553363339
3611,2904,7,1.3165655061039503
3612,2905,5,0.7942581644476779
3613,2906,4,0.33467283250925495
3614,2907,5,0.9285009934844813
3615,2908,4,0.9947459825470807
3616,2909,2,0.29138587316043
3617,2910,3,0.47613979996708355
3618,2911,7,1.1389155890933504
3619,2912,2,0.1867182362094308
362,2913,2,0.2744292296852874
3620,2914,6,0.7660612342696703
3621,2915,5,0.7085022372422092
3622,2916,3,0.2886407508304797
3623,2917,4,0.29241604003309035
3624,2918,3,1.1130574266075286
3625,2919,2,0.048025719348709646
3626,2920,4,0.4470457739016685
3627,2921,6,1.2503784998804566
3628,2922,4,0.1423285783957639
3629,2923,2,0.21166383214183934
363,2924,2,0.2862635106443155
3630,2925,4,0.9888486840945044
3631,2926,3,0.40544412626195503
3632,2927,5,0.5144011879140294
3633,2928,5,1.3390600921536406
3634,2929,2,0.020790105544174115
3635,2930,5,0.2550919913318988
3636,2931,4,0.9886871777217342
3637,2932,3,0.12364256436111289
3638,2933,3,0.443538357844538
3639,2934,4,1.0142808583013538
364,2935,4,0.053549870204458914
3640,2936,2,0.17046935497643975
3641,2937,5,0.6484006924655836
3642,2938,6,0.5185987743673516
3643,2939,2,0.1590719744863714
3644,2940,5,0.6644736691495164
3645,2941,8,1.7721215044351981
3646,2942,2,0.21917901457747588
3647,2943,3,0.5517066512667153
3648,2944,4,1.1618993440243106
3649,2945,5,0.5043807595927247
365,2946,7,1.10967708291994
3650,2947,5,0.8962614164365655
3651,2948,4,0.9035788250181691
3652,2949,5,0.3079387305024664
3653,2950,7,0.9835000318321772
3654,2951,5,1.0147039384878576
3655,2952,6,0.5493200032770365
3656,2953,8,1.2182116512287888
3657,2954,5,0.9989336149407538
3658,2955,4,0.3609148176288505
3659,2956,5,0.5699800220517429
366,2957,4,0.8297911815012358
3660,2958,4,0.4026339917387325
3661,2959,8,1.0643982556060854
3662,2960,4,0.8145740268746966
3663,2961,2,0.22289444439700845
3664,2962,7,0.5294582148826944
3665,2963,6,0.8968925686239404
3666,2964,4,0.8093330827013933
3667,2965,3,0.2733958105650267
3668,2966,5,0.3695371192862929
3669,2967,6,0.7426008716446899
367,2968,2,0.2524248543735883
3670,2969,4,0.43885854883631376
3671,2970,3,0.4633827451891868
3672,2971,2,0.291829484810443
3673,2972,3,0.12270318786115232
3674,2973,4,0.3582794684059583
3675,2974,4,0.7097455902993127
3676,2975,6,0.45322695748054137
3677,2976,5,0.6552386950664526
3678,2977,6,1.8233944481037714
3679,2978,6,0.2818613341586215
368,2979,8,1.3304732918857558
3680,2980,8,1.2199805381507765
3681,2981,4,1.051408880328364
3682,2982,4,0.3092005279390186
3683,2983,5,0.3196751158895919
3684,2984,4,0.5738438096947932
3685,2985,5,0.5273529093916659
3686,2986,6,0.6642076716105907
3687,2987,4,0.6754591820653449
3688,2988,2,0.10291634485784666
3689,2989,2,0.17839688711374982
369,2990,8,2.30333216612882
3690,2991,4,0.5723003681152175
3691,2992,2,0.2718838448605993
3692,2993,8,1.196703964252321
3693,2994,6,0.8580597024784019
3694,2995,3,0.3089816137959116
3695,2996,8,2.118291263908181
3696,2997,8,1.7949564590729719
3697,2998,5,0.5438537282888845
3698,2999,6,0.5730165514763043
3699,3000,4,0.9054925402519391
37,3001,6,0.22151359609885143
370,3002,3,0.25066192678594384
3700,3003,4,0.43854576829113345
3701,3004,7,0.9385769725775035
3702,3005,5,0.9604212116117636
3703,3006,1,0.11298905940022157
3704,3007,2,0.4310786183808032
3705,3008,6,1.2388898087670344
3706,3009,3,0.7144595987443596
3707,3010,7,0.8201472534300405
3708,3011,5,1.1304414279241422
3709,3012,2,0.07608240436189641
371,3013,5,0.30818509795984805
3710,3014,2,0.22846082936918966
3711,3015,1,0.13295153699796294
3712,3016,7,0.46141582951171267
3713,3017,6,0.9383804254624105
3714,3018,4,0.3875227544136926
3715,3019,2,0.09023645208136663
3716,3020,4,0.39537297917134107
3717,3021,4,0.49186137644300587
3718,3022,5,0.30134899613186306
3719,3023,6,0.9100067831433991
372,3024,5,0.281162620669262
3720,3025,4,0.7516050331566536
3721,3026,5,0.22115871197254236
3722,3027,5,0.42191554607388065
3723,3028,5,0.9805559988756782
3724,3029,3,0.36226418697828516
3725,3030,6,0.5455470332718751
3726,3031,6,0.731726463372143
3727,3032,4,0.5176808252342713
3728,3033,2,0.38689757576566397
3729,3034,4,0.2954648837600354
373,3035,2,0.06166029645982764
3730,3036,4,0.24422801037611797
3731,3037,6,0.8315127899173159
3732,3038,4,0.4010904630121892
3733,3039,4,0.3920338840399367
3734,3040,6,0.41886218992356505
3735,3041,3,0.349568925794918
3736,3042,4,0.1248495723536041
3737,3043,4,0.18102060996437042
3738,3044,3,0.2901939212626271
3739,3045,2,0.2171580772230579
374,3046,7,1.0768895434141355
3740,3047,4,0.5974985097446888
3741,3048,6,0.593328943656803
3742,3049,2,0.06885424437792159
3743,3050,2,0.07499546231293568
3744,3051,4,0.09234699153275258
3745,3052,5,0.3044913280542622
3746,3053,4,0.35153121905693463
3747,3054,4,0.4291695292307154
3748,3055,3,0.28119171952972877
3749,3056,5,0.44754065583611286
375,3057,8,1.6082475218699814
3750,3058,4,0.1925094051787313
3751,3059,5,0.2588711611853117
3752,3060,3,0.4379820093453838
3753,3061,4,0.5008399639568063
3754,3062,4,0.273385413611167
3755,3063,4,0.25680328116013595
3756,3064,4,0.3270460821580447
3757,3065,4,0.1951803659689302
3758,3066,4,0.5417783748505818
3759,3067,3,0.5661362724009292
376,3068,4,0.32414497932742015
3760,3069,3,0.16034358970946075
3761,3070,4,0.5554720509707308
3762,3071,5,0.5657478606117186
3763,3072,2,0.2033814497377584
3764,3073,4,0.5088362384177932
3765,3074,4,0.5207115256456739
3766,3075,4,0.12114378549198929
3767,3076,4,0.8333903260363711
3768,3077,5,0.6894167136814485
3769,3078,4,0.19842871983794
377,3079,4,0.34394407347032124
3770,3080,4,0.8241864586160342
3771,3081,5,1.1191019941063658
3772,3082,3,0.4236802689430262
3773,3083,5,0.829645760909337
3774,3084,4,0.9191084046106652
3775,3085,5,0.06686855546043942
3776,3086,4,0.44074240677253596
3777,3087,5,0.9559865830263581
3778,3088,4,0.22510093643140833
3779,3089,5,0.6888709042598299
378,3090,4,0.3730418664186
3780,3091,5,0.7487044025521136
3781,3092,8,0.38994419351613707
3782,3093,6,0.990563705045135
3783,3094,4,1.0967100071218254
3784,3095,2,0.2585076591536938
3785,3096,4,0.7082872488054092
3786,3097,6,1.8892535585477415
3787,3098,2,0.0595550928574509
3788,3099,6,0.638600869464947
3789,3100,4,0.6992237568763933
379,3101,5,0.5204475898782853
3790,3102,1,0.0772019648242916
3791,3103,3,0.32287556607031964
3792,3104,4,0.7749583380589328
3793,3105,4,0.312472033340115
3794,3106,4,0.5754181732097464
3795,3107,6,0.8891706965144522
3796,3108,2,0.15456575934429656
3797,3109,3,0.26434188450936663
3798,3110,4,0.3345203112288072
3799,3111,6,0.5354907851408629
38,3112,9,1.652813532739491
380,3113,6,0.9913544153597458
3800,3114,5,0.8240890387717267
3801,3115,4,0.7059405679996298
3802,3116,4,0.3323020118482318
3803,3117,5,0.5139084322245415
3804,3118,2,0.45933295980947786
3805,3119,9,0.9648939278128094
3806,3120,7,1.2463729758635422
3807,3121,4,1.3190154610618614
3808,3122,2,0.1018123825890815
3809,3123,4,0.38223354383340724
381,3124,2,0.2750898223777094
3810,3125,2,0.3393708073841567
3811,3126,2,0.17528946217443725
3812,3127,6,0.50499454661837
3813,3128,4,0.880390581709614
3814,3129,4,0.4058974582622663
3815,3130,5,0.5307542865424214
3816,3131,3,0.42198487535725154
3817,3132,4,0.2848575997084305
3818,3133,4,0.7402721427663856
3819,3134,4,0.6329444567212034
382,3135,2,0.14767807000861385
3820,3136,3,0.43828103645177285
3821,3137,6,0.5458910172673719
3822,3138,2,0.45973181595453727
3823,3139,2,0.14278233329368878
3824,3140,4,0.3618774386791943
3825,3141,5,0.5650989305168757
3826,3142,2,0.14104119013173297
3827,3143,3,0.3092293097605486
3828,3144,4,0.6721342513604323
3829,3145,3,0.2057338686632841
383,3146,3,0.40972305270436726
3830,3147,4,0.42748856234573884
3831,3148,4,0.8919898250638734
3832,3149,2,0.08080794756703653
3833,3150,2,0.40702866631948015
3834,3151,5,0.8004485869011471
3835,3152,8,0.4521769618104346
3836,3153,6,0.44470649291286946
3837,3154,7,1.5160188581911955
3838,3155,2,0.05797123681574121
3839,3156,7,1.651775537482455
384,3157,6,0.8791619297223051
3840,3158,5,1.0449471362822162
3841,3159,2,0.07985668767147883
3842,3160,4,0.42261733607209595
3843,3161,4,0.2890574286157282
3844,3162,5,0.38296782913806565
3845,3163,4,0.5590757766602983
3846,3164,2,0.5517314256998228
3847,3165,1,0.09995525755505577
3848,3166,4,0.5734307935047506
3849,3167,4,0.4713970789135572
385,3168,6,1.1313346171310152
3850,3169,4,0.2422596731704294
3851,3170,4,0.27712803150003545
3852,3171,4,0.4963556901486991
3853,3172,4,0.33064359974295676
3854,3173,3,0.4223346281640236
3855,3174,4,0.7117127412953947
3856,3175,3,0.5001281750144526
3857,3176,6,0.5717076673710922
3858,3177,4,0.4713491833946956
3859,3178,1,0.10215252001426008
386,3179,7,0.8366871300391823
3860,3180,5,0.33950116864653496
3861,3181,4,0.43394167249052673
3862,3182,5,0.3419029900830048
3863,3183,7,0.6939078110978775
3864,3184,7,1.171501365785731
3865,3185,3,0.3165483209017184
3866,3186,5,0.5848142102778136
3867,3187,3,0.491907010801818
3868,3188,4,0.16367318928529864
3869,3189,3,0.21689405700513614
387,3190,5,0.5724835616957256
3870,3191,4,0.3042541470421427
3871,3192,4,0.22024053831963053
3872,3193,5,0.5093937325797444
3873,3194,2,0.35908688717752985
3874,3195,3,0.3209429418729497
3875,3196,4,0.42405964592720663
3876,3197,4,0.5313236754659476
3877,3198,2,0.060817591548395354
3878,3199,2,0.14168383420035646
3879,3200,1,0.2519934063163315
388,3201,4,0.17863836498877414
3880,3202,2,0.04453803001254489
3881,3203,4,0.23676819233917556
3882,3204,3,0.5885806549001744
3883,3205,4,0.1640857434967739
3884,3206,5,0.6537760919962424
3885,3207,4,0.7687818177028031
3886,3208,3,0.15114182279082497
3887,3209,5,0.2703531728483003
3888,3210,5,0.4457943002040319
3889,3211,4,0.23528525116974408
389,3212,4,0.19634750595062475
3890,3213,6,0.49004926969890766
3891,3214,4,0.5042047621165995
3892,3215,4,0.18935191650570116
3893,3216,6,0.9569298662251924
3894,3217,4,0.40454606193156556
3895,3218,3,0.18406712990721577
3896,3219,4,0.42581865110424
3897,3220,2,0.3631194425967361
3898,3221,5,0.2839719337499642
3899,3222,5,0.3961046235845813
39,3223,8,1.8459089047514332
390,3224,2,0.3618284801879501
3900,3225,4,0.7673811650537598
3901,3226,4,0.24757249379174523
3902,3227,4,0.5434135241906717
3903,3228,3,0.46533097343666424
3904,3229,4,0.5627485766889225
3905,3230,4,0.803673647495861
3906,3231,5,1.0676541022640875
3907,3232,2,0.0948929361162483
3908,3233,5,0.41132139231950493
3909,3234,2,0.4266777584685375
391,3235,2,0.30867576854328355
3910,3236,4,0.4368547922152606
3911,3237,4,0.5602741723948927
3912,3238,4,0.6613742451997342
3913,3239,7,0.2319472477787816
3914,3240,7,0.5672975930414472
3915,3241,4,0.9897262993058316
3916,3242,5,0.4672332091645835
3917,3243,4,0.33836913418330544
3918,3244,5,0.8814502673495265
3919,3245,3,0.3636784761432392
392,3246,4,0.32458690785135286
3920,3247,3,0.3043532650503881
3921,3248,4,0.4508150457766086
3922,3249,2,0.11796434319484853
3923,3250,4,0.4798134588952091
3924,3251,4,0.5244598989654687
3925,3252,4,0.5793126193770182
3926,3253,5,0.7832487106626158
3927,3254,5,0.7122033223126584
3928,3255,3,0.3697839486826744
3929,3256,3,0.24436375744560543
393,3257,2,0.23907283370763574
3930,3258,4,0.24580532759466484
3931,3259,2,0.1382976021042777
3932,3260,3,0.40169558318114645
3933,3261,3,0.4543014176636449
3934,3262,3,0.2625860964723819
3935,3263,6,1.1032548905641653
3936,3264,5,0.9400955785100769
3937,3265,9,0.8761887646656177
3938,3266,7,1.3473201734963043
3939,3267,5,0.8458909562221814
394,3268,3,0.20021737941638543
3940,3269,4,0.1992233207703568
3941,3270,5,0.2548660714171205
3942,3271,3,0.4413899218208688
3943,3272,2,0.10020047667907152
3944,3273,3,0.17173693303593554
3945,3274,2,0.23739297324426956
3946,3275,3,0.07709737562801267
3947,3276,4,0.18011520705254364
3948,3277,4,0.20976740775844835
3949,3278,2,0.035976429128681355
395,3279,2,0.06601209932004139
3950,3280,4,0.3676427202779207
3951,3281,4,0.33057740494327076
3952,3282,4,0.1200287650049893
3953,3283,4,0.37371811091120993
3954,3284,4,0.29377009589225384
3955,3285,5,0.42008462422690296
3956,3286,7,1.1820573803475092
3957,3287,5,0.94296214396059
3958,3288,6,0.4096162169436852
3959,3289,4,0.5345613472051046
396,3290,2,0.5262068967972622
3960,3291,2,0.22667712783725463
3961,3292,3,0.34404423660979117
3962,3293,5,0.4312690612303086
3963,3294,5,0.5905695114786932
3964,3295,4,0.3661308622617869
3965,3296,4,0.4756230748625454
3966,3297,3,0.5956202682804537
3967,3298,4,0.22065586289443667
3968,3299,6,0.7821090145103814
3969,3300,5,0.7101850814686873
397,3301,2,0.0798438252376566
3970,3302,3,0.05902775308770281
3971,3303,3,0.15203002665357598
3972,3304,4,0.26545998604425997
3973,3305,3,0.18985118114727537
3974,3306,2,0.23882262226910783
3975,3307,3,0.3399929014891968
3976,3308,1,0.04037804730448275
3977,3309,2,0.16545819401133968
3978,3310,2,0.2287905445777887
3979,3311,3,0.04475125431572258
398,3312,3,0.1165182551460783
3980,3313,4,0.17049518419532816
3981,3314,3,0.40237447559620904
3982,3315,1,0.037170857195151646
3983,3316,4,0.33799489519945414
3984,3317,4,0.3118666001192637
3985,3318,2,0.09347696315578417
3986,3319,1,0.09192548093512504
3987,3320,1,0.05880025372935108
3988,3321,4,0.04280889084306563
3989,3322,3,0.28261428472330463
399,3323,2,0.22333581506000802
3990,3324,3,0.25949715342102364
3991,3325,2,0.15700554066705147
3992,3326,4,0.3761248339595125
3993,3327,4,0.3110809823064221
3994,3328,3,0.20539900382400983
3995,3329,3,0.26001926874086423
3996,3330,2,0.16413844347097772
3997,3331,4,0.45540138445038375
3998,3332,6,0.8588064675231952
3999,3333,6,0.7709181216072788
4,3334,6,0.28326462328815205
40,3335,4,0.1769783688114728
400,3336,4,0.06156551157992016
4000,3337,4,0.40111087844584253
4001,3338,5,0.5147694890648558
4002,3339,4,0.456718142130163
4003,3340,3,0.12592325318071032
4004,3341,2,0.27158944719003847
4005,3342,2,0.21777393297353545
4006,3343,1,0.07381558807706272
4007,3344,2,0.18761975245280288
4008,3345,2,0.22122991579402845
4009,3346,2,0.06539658816287278
401,3347,4,0.16048552389975748
4010,3348,1,0.21184545696415163
4011,3349,2,0.258848916160223
4012,3350,1,0.016545422361824953
4013,3351,2,0.08281140030943637
4014,3352,4,0.3202540696161188
4015,3353,3,0.39050086556218283
4016,3354,2,0.256832092424953
4017,3355,1,0.24840423952117555
4018,3356,2,0.15463208019019165
4019,3357,4,0.45415875196409144
402,3358,4,0.48556710982506773
4020,3359,2,0.2565724179637588
4021,3360,4,0.2453093599040059
4022,3361,5,0.39478679337408157
4023,3362,4,0.26495791809476466
4024,3363,3,0.10449402203287007
4025,3364,4,0.15772671494721094
4026,3365,4,0.09495257329317253
4027,3366,5,0.3311928510866962
4028,3367,4,0.5838305636309846
4029,3368,5,0.55772351982492685
403,3369,3,0.11713862461531432
4030,3370,5,0.6036869961528035
4031,3371,4,0.596950642048572
4032,3372,4,0.62554228871535
4033,3373,3,0.46651092592499044
4034,3374,5,0.7682437035077877
4035,3375,2,0.5200399778595459
4036,3376,4,0.18635251794575775
4037,3377,3,0.1391250818738573
4038,3378,2,0.19640906470003758
4039,3379,4,0.2774925001808449
404,3380,5,0.7936219581362957
4040,3381,4,0.9346194870179851
4041,3382,5,0.4225263895578141
4042,3383,2,0.1859415180165559
4043,3384,2,0.2463175548107131
4044,3385,3,0.2920317833193861
4045,3386,2,0.2810412307518794
4046,3387,3,0.47267987460772415
4047,3388,5,0.40334074365548633
4048,3389,6,0.33819575786392714
4049,3390,2,0.32808684209832195
405,3391,6,0.9276241994808921
4050,3392,2,0.4670291141530195
4051,3393,4,0.11299489373016358
4052,3394,4,0.2542805886833746
4053,3395,3,0.3096150943067603
4054,3396,4,0.2886897663196321
4055,3397,2,0.43898692659715133
4056,3398,4,0.6434505706328223
4057,3399,3,0.4221463593226669
4058,3400,4,0.4979994493172896
4059,3401,4,0.5198858669237437
406,3402,3,0.1225702307817288
4060,3403,3,0.22064188652169506
4061,3404,4,0.5158746745396452
4062,3405,4,0.28068550485798666
4063,3406,4,0.19348978210649173
4064,3407,4,0.8290021092044995
4065,3408,3,0.5042107097416946
4066,3409,4,0.27787458511076596
4067,3410,6,0.43963585727899296
4068,3411,6,1.1735478010852158
4069,3412,5,0.2960946081161595
407,3413,5,0.3962483455073926
4070,3414,5,0.42351440265083307
4071,3415,2,0.34281533349547866
4072,3416,2,0.14979373630447398
4073,3417,4,0.19657984740241263
4074,3418,4,0.5342493321248121
4075,3419,4,0.22367629455279553
4076,3420,7,0.8453656819974256
4077,3421,3,0.2944409362631208
4078,3422,4,0.10850180142923473
4079,3423,4,0.22144048918272802
408,3424,5,0.7670407984158758
4080,3425,3,0.47806392608213655
4081,3426,2,0.17222800768060542
4082,3427,3,0.4400928588852896
4083,3428,4,0.47332002251052896
4084,3429,5,0.10010264219175105
4085,3430,5,0.32309528561601664
4086,3431,4,0.4004364438712831
4087,3432,3,0.18665296016393196
4088,3433,4,0.42909848217039925
4089,3434,4,0.4143212018357297
409,3435,3,0.25553776806557593
4090,3436,3,0.17154706780783374
4091,3437,5,0.4097543779172848
4092,3438,5,0.7113329448153738
4093,3439,5,0.11622173211065832
4094,3440,6,0.614206804792251
4095,3441,6,0.8946511640475189
4096,3442,4,0.10922934827732647
4097,3443,3,0.3485638185701826
4098,3444,4,0.6561469001938359
4099,3445,4,0.3136840139308863
41,3446,3,0.26333694092683574
410,3447,4,0.40894398338981436
4100,3448,6,0.6453658919844316
4101,3449,4,0.43898048451540117
4102,3450,3,0.13938498011319378
4103,3451,3,0.16747338676482867
4104,3452,4,1.0617518941837838
4105,3453,5,0.1771021782211425
4106,3454,8,0.9398809410146853
4107,3455,6,0.9601338165023229
4108,3456,3,0.08606930911845681
4109,3457,6,0.4312534666845856
411,3458,4,0.7594495300951715
4110,3459,4,0.6173633338925505
4111,3460,2,0.05578438551577652
4112,3461,4,0.4977601648932091
4113,3462,3,0.9572962081479355
4114,3463,2,0.10019972172102684
4115,3464,3,0.2376414801799244
4116,3465,3,0.43635350896859687
4117,3466,2,0.05164584175645438
4118,3467,2,0.2066214427363477
4119,3468,3,0.5661660134739815
412,3469,4,0.21052972533226147
4120,3470,3,0.09343756939595228
4121,3471,4,0.6770823797214267
4122,3472,3,0.3458898922531121
4123,3473,4,0.12357984621404203
4124,3474,7,0.6820022686541282
4125,3475,5,1.1168342098824344
4126,3476,2,0.10007742652003285
4127,3477,6,0.6220803691870672
4128,3478,5,1.08534964652243
4129,3479,2,0.08888596546726507
413,3480,6,0.9147232501101917
4130,3481,4,0.30536719677220964
4131,3482,5,0.666722537787752
4132,3483,3,0.17095044832135278
4133,3484,4,0.5583536421221981
4134,3485,4,0.28845061366009755
4135,3486,4,0.2661860345690893
4136,3487,4,0.42433705473728855
4137,3488,4,0.43661615143674226
4138,3489,2,0.07776276398299431
4139,3490,2,0.29405379107265617
414,3491,4,0.6761236705742495
4140,3492,3,0.44740488857832245
4141,3493,2,0.07024494375215645
4142,3494,6,0.3890954163786427
4143,3495,6,0.7256513093876172
4144,3496,2,0.1468005851655539
4145,3497,3,0.2613354397734053
4146,3498,4,0.41138434583766403
4147,3499,3,0.3599395167533469
4148,3500,5,0.39746814262507263
4149,3501,3,0.6150113648876963
415,3502,6,0.8023620419519893
4150,3503,4,0.38578278298656554
4151,3504,3,0.2775140064132164
4152,3505,2,0.3251209694381893
4153,3506,2,0.228692978266264
4154,3507,5,0.6428301491339868
4155,3508,6,0.5288673983415142
4156,3509,4,0.48255584258094936
4157,3510,4,0.5888677031126422
4158,3511,4,0.4682530926045043
4159,3512,5,0.3287895033412592
416,3513,4,0.6353237608344636
4160,3514,5,0.7657791640754498
4161,3515,4,0.4196720048626934
4162,3516,3,0.38568102411945876
4163,3517,4,0.40822052576826523
4164,3518,4,0.33284929055140006
4165,3519,2,0.06509852913967906
4166,3520,3,0.135397035056207
4167,3521,4,0.21541117188036807
4168,3522,7,0.6066965282109943
4169,3523,7,0.6540570371683333
417,3524,4,0.6727774509382699
4170,3525,4,0.4702206208689759
4171,3526,4,0.37820314291752416
4172,3527,4,0.44820892931905865
4173,3528,3,0.3302989300746565
4174,3529,2,0.21879294190307244
4175,3530,2,0.16676455604007942
4176,3531,3,0.3781284047937825
4177,3532,4,0.12634850997588054
4178,3533,5,0.35959542212819623
4179,3534,5,0.6516243601036285
418,3535,4,0.2690319056464932
4180,3536,1,0.048655204738614455
4181,3537,4,0.6373922204208476
4182,3538,3,0.62289925997116
4183,3539,7,0.4089452752133652
4184,3540,5,0.39103660689223185
4185,3541,5,0.5519417389504147
4186,3542,3,0.402067699440217
4187,3543,5,0.4419723190324279
4188,3544,5,0.6908834940398351
4189,3545,1,0.0529669602468376
419,3546,5,0.5668159731856692
4190,3547,1,0.09204927693448321
4191,3548,1,0.15305547000378866
4192,3549,6,0.2516503082538097
4193,3550,7,0.8486387576539464
4194,3551,6,0.6196757886130408
4195,3552,2,0.18689592214700657
4196,3553,4,0.5363047317026837
4197,3554,4,0.5651826343630031
4198,3555,4,1.0056284108705733
4199,3556,5,0.8699749544310833
42,3557,2,0.2464696956372287
420,3558,3,0.4821480864719411
4200,3559,6,0.4827642324761209
4201,3560,2,0.08283593108399478
4202,3561,3,0.2615261796069322
4203,3562,4,0.78822779643774
4204,3563,4,0.2633285687132206
4205,3564,3,0.38189959552563246
4206,3565,2,0.2681547107864022
4207,3566,2,0.1784045634141554
4208,3567,3,0.23637453719648427
4209,3568,4,0.33017644106115956
421,3569,5,0.6211035505619689
4210,3570,2,0.1414004498882219
4211,3571,4,0.45601026403771977
4212,3572,4,0.31890483570611955
4213,3573,4,0.28729878333168885
4214,3574,4,0.30870711862314404
4215,3575,4,0.14503616442873396
4216,3576,2,0.20810413590640145
4217,3577,5,0.6130550568921714
4218,3578,3,0.3509930082603023
4219,3579,3,0.2646267019631764
422,3580,6,0.8368831388411299
4220,3581,5,0.37945404297021906
4221,3582,5,0.2793388342107892
4222,3583,3,0.09260661389711176
4223,3584,4,0.30209293674190857
4224,3585,4,0.2849827877767686
4225,3586,4,0.5227233031148804
4226,3587,5,0.8468953276114365
4227,3588,3,0.3993255671671504
4228,3589,6,0.41995727608027006
4229,3590,5,0.8604170124145237
423,3591,4,0.6787774682734471
4230,3592,4,0.3775364929730146
4231,3593,3,0.35639105676559696
4232,3594,3,0.5451649244291196
4233,3595,4,0.33853164085918763
4234,3596,1,0.06702013842961584
4235,3597,6,0.8312902528573322
4236,3598,4,0.22710000943168834
4237,3599,3,0.15180085994278716
4238,3600,5,0.9872850641705699
4239,3601,4,0.27655985859475946
424,3602,4,0.3760552713251929
4240,3603,2,0.2395360735643995
4241,3604,3,0.2492056609591075
4242,3605,5,0.8306667599114795
4243,3606,6,0.5893869588331964
4244,3607,5,0.44858458673825
4245,3608,2,0.13117362552834794
4246,3609,4,0.48835937416732866
4247,3610,3,0.14454678037125052
4248,3611,3,0.16223040344896067
4249,3612,4,0.27610610062746893
425,3613,4,0.7849473737615663
4250,3614,3,0.16921269478957618
4251,3615,4,0.4954283074758429
4252,3616,1,0.015305810123330429
4253,3617,6,0.32652944864139083
4254,3618,4,0.6537701099919597
4255,3619,1,0.11978514284625881
4256,3620,2,0.3230072125676626
4257,3621,2,0.2973318116725737
4258,3622,3,0.28175283251288635
4259,3623,3,0.38264878334356933
426,3624,4,0.5531932704432114
4260,3625,4,0.29003536839564503
4261,3626,2,0.06086331672179107
4262,3627,6,0.3185156023157959
4263,3628,3,0.40808049362094845
4264,3629,2,0.05751000439410739
4265,3630,4,0.24962469039250595
4266,3631,4,0.6646870732684999
4267,3632,2,0.12965003867341443
4268,3633,4,0.5210113459638659
4269,3634,4,0.4486677325022072
427,3635,4,0.357156542011025
4270,3636,6,0.2155876646664819
4271,3637,6,0.5464639806688802
4272,3638,4,0.6529718229804451
4273,3639,3,0.18819318661051934
4274,3640,3,0.4126139863484614
4275,3641,4,0.5851306584708736
4276,3642,2,0.16172663561016382
4277,3643,3,0.3622512848402031
4278,3644,4,0.42413808762015975
4279,3645,2,0.27732114258533963
428,3646,4,0.4554633995374042
4280,3647,5,0.3823578361075047
4281,3648,3,0.3258950889032566
4282,3649,2,0.35045399848338243
4283,3650,3,0.3783409794753442
4284,3651,2,0.2496820139427622
4285,3652,4,0.38110632525562527
4286,3653,4,0.4563479797284263
4287,3654,4,0.25674328825364323
4288,3655,5,0.45744285710401694
4289,3656,3,0.41651286533399245
429,3657,3,0.36131282074872934
4290,3658,3,0.3550264753242823
4291,3659,1,0.08469839796498745
4292,3660,4,0.2187605570639149
4293,3661,3,0.27338241661852947
4294,3662,3,0.3027598428663789
4295,3663,3,0.30886564331080313
4296,3664,4,1.031561428303391
4297,3665,3,0.13487886295158596
4298,3666,4,0.3351785579235609
4299,3667,4,0.9125697318429373
43,3668,6,1.089243589821194
430,3669,5,0.46184954380225557
4300,3670,3,0.22421231896155264
4301,3671,4,0.4440907967214983
4302,3672,3,0.4246613886373475
4303,3673,3,0.2559440185246417
4304,3674,6,0.7033384831987697
4305,3675,4,0.36732254851445106
4306,3676,3,0.41342148845928217
4307,3677,4,0.437041589975908
4308,3678,3,0.3455965214174125
4309,3679,4,0.5202537045520638
431,3680,5,0.7194771847861626
4310,3681,6,0.5678128515085842
4311,3682,4,0.4247852000283488
4312,3683,4,0.13414717472514623
4313,3684,4,0.3370982059527942
4314,3685,3,0.2584943033436482
4315,3686,3,0.15961753120449926
4316,3687,4,0.29968733247762375
4317,3688,4,0.28495459140521134
4318,3689,2,0.07005447055245963
4319,3690,4,0.3031978254900586
432,3691,4,0.22914817156826894
4320,3692,4,0.5835090818550654
4321,3693,3,0.11747766727628851
4322,3694,2,0.23960937863719067
4323,3695,5,0.6215750165580817
4324,3696,5,0.18588003772971817
4325,3697,4,0.46769948267307104
4326,3698,3,0.5355145487644853
4327,3699,3,0.27148419420615966
4328,3700,6,0.5371680169147869
4329,3701,4,0.9073794862557637
433,3702,7,0.6024440636352864
4330,3703,3,0.16050908118309587
4331,3704,4,0.4053523982113772
4332,3705,6,1.4771881522680819
4333,3706,2,0.09291298025482064
4334,3707,4,0.2712100118982516
4335,3708,4,0.3258960968798454
4336,3709,5,0.5569228353144795
4337,3710,7,0.8518737443553512
4338,3711,4,0.6917362342098111
4339,3712,5,0.6228730819721853
434,3713,7,1.3185319209942359
4340,3714,5,0.7053244658929604
4341,3715,5,0.3873999635704003
4342,3716,3,0.16779684542655668
4343,3717,7,0.4232192081151557
4344,3718,4,0.5797308675243698
4345,3719,3,0.08168428116589516
4346,3720,5,0.5693050541100029
4347,3721,2,0.3843620185051817
4348,3722,2,0.162217169084724
4349,3723,4,0.5331070194879973
435,3724,6,1.154853883120913
4350,3725,4,0.5666278585646085
4351,3726,2,0.16148751206557832
4352,3727,4,0.47328038440483067
4353,3728,4,0.5498230735222313
4354,3729,5,0.27768745498970687
4355,3730,6,0.4536865350105468
4356,3731,3,0.5644421689978717
4357,3732,3,0.1462303547407209
4358,3733,4,0.3561073560470292
4359,3734,4,0.5044162465826566
436,3735,4,0.36619222757312875
4360,3736,3,0.4332216489859386
4361,3737,4,0.5732849896087484
4362,3738,5,0.47914092266240565
4363,3739,6,0.44427719501759994
4364,3740,6,0.7134418206476453
4365,3741,5,0.38070351401895636
4366,3742,7,0.2798323731732345
4367,3743,9,0.6717797909271505
4368,3744,7,1.315094734064088
4369,3745,4,0.2745279152977815
437,3746,5,0.5431732689117031
4370,3747,6,0.4703965092259135
4371,3748,5,1.2868953921519921
4372,3749,1,0.03896827986549122
4373,3750,4,0.37545698068139455
4374,3751,4,0.8263493571095127
4375,3752,1,0.07407029000699716
4376,3753,5,0.45546873219868145
4377,3754,5,1.0280841397664051
4378,3755,2,0.08779873476516861
4379,3756,4,0.3694198948690281
438,3757,4,0.5045902592197653
4380,3758,4,0.44666943606905357
4381,3759,6,0.36258607820395766
4382,3760,3,0.49451534810233067
4383,3761,4,0.6228513794633614
4384,3762,3,0.20910459663172634
4385,3763,5,0.8078536892381386
4386,3764,5,0.6857071614408983
4387,3765,1,0.04086351488189279
4388,3766,9,0.8545739041538094
4389,3767,5,0.8582866377212918
439,3768,5,0.4267167240117212
4390,3769,7,0.4741829561989432
4391,3770,5,0.6766529168236884
4392,3771,5,0.40195790924980046
4393,3772,3,0.24582704430847824
4394,3773,2,0.18577433057324208
4395,3774,1,0.14470236326509425
4396,3775,4,0.1346402907626645
4397,3776,4,0.3572051783392402
4398,3777,3,0.3256789274536838
4399,3778,3,0.10639499062285006
44,3779,3,0.5068388119575006
440,3780,6,0.4655941553110674
4400,3781,2,0.28636254228360847
4401,3782,2,0.440831221411638
4402,3783,3,0.1725677924106987
4403,3784,4,0.40146280947173
4404,3785,5,0.3787748007726803
4405,3786,6,0.3493487375698767
4406,3787,5,0.39051478724383043
4407,3788,4,0.4175807073551468
4408,3789,2,0.09719616952538625
4409,3790,3,0.564878873711705
441,3791,4,0.363444600447978
4410,3792,2,0.24751855884069218
4411,3793,3,0.16235401156295642
4412,3794,3,0.248821252278829
4413,3795,2,0.3948972282488037
4414,3796,4,0.14318476652895146
4415,3797,6,0.6811717075786576
4416,3798,4,0.3914045470191675
4417,3799,5,0.31066894701092596
4418,3800,6,0.8925848518054554
4419,3801,5,0.8026890431984691
442,3802,6,0.5054063312932979
4420,3803,4,0.2366944755283516
4421,3804,4,0.48213193006336963
4422,3805,3,0.2887905973089853
4423,3806,5,0.4180222331536838
4424,3807,5,0.4873729255663927
4425,3808,2,0.22402933108905243
4426,3809,3,0.1342179448363292
4427,3810,6,0.7578635974111078
4428,3811,3,0.7217312903664044
4429,3812,2,0.11459352337722956
443,3813,5,0.8159160908906562
4430,3814,4,0.5915275371722687
4431,3815,6,0.6388279977587487
4432,3816,2,0.057983602620234914
4433,3817,3,0.28935296515100883
4434,3818,3,0.6608462135015529
4435,3819,5,0.24323134864323667
4436,3820,5,0.4498753733949164
4437,3821,4,0.4878490476590778
4438,3822,6,0.5456149361909869
4439,3823,6,0.60785127010213
444,3824,5,0.47249987147150907
4440,3825,5,0.5194714494898207
4441,3826,3,0.06879084838162519
4442,3827,6,0.39417112247863895
4443,3828,6,0.7928137568740031
4444,3829,2,0.21727438238315633
4445,3830,7,1.303231562805803
4446,3831,3,0.4366665113737976
4447,3832,4,0.21887627258316006
4448,3833,8,1.087284735607826
4449,3834,4,0.46656376402646355
445,3835,4,0.4304336260803089
4450,3836,3,0.10881375485280011
4451,3837,5,0.1474720413782562
4452,3838,3,0.3854470784396678
4453,3839,3,0.30722785080955256
4454,3840,6,1.134784703033577
4455,3841,4,0.6873235108660217
4456,3842,5,0.462876669747962
4457,3843,4,0.6209856160751641
4458,3844,2,0.08102531011869825
4459,3845,4,0.4567069372239075
446,3846,5,0.6913366331292067
4460,3847,5,0.3428294432393821
4461,3848,3,0.2397330949173399
4462,3849,6,0.49677035936629294
4463,3850,6,0.581014442514435
4464,3851,4,0.49977757590529887
4465,3852,4,0.1694156359432415
4466,3853,4,0.26391649136066303
4467,3854,3,0.46969823709281333
4468,3855,2,0.0677852759060325
4469,3856,3,0.22032852569361863
447,3857,3,0.39595400736510084
4470,3858,4,0.41686017160121047
4471,3859,1,0.069693274579937875
4472,3860,2,0.3975437706157527
4473,3861,4,0.47292329745647743
4474,3862,3,0.1216276047065622
4475,3863,3,0.4258179338137392
4476,3864,2,0.2565441840152852
4477,3865,4,0.4550484664246661
4478,3866,3,0.4928081993260268
4479,3867,2,0.3119866763348953
448,3868,6,0.3829402829223472
4480,3869,4,0.48634331467253394
4481,3870,7,0.9350398235801348
4482,3871,4,0.2248568700254449
4483,3872,5,0.30956076548360195
4484,3873,4,0.3321721239745978
4485,3874,3,0.49238709011144055
4486,3875,2,0.2715674322242424
4487,3876,3,0.26015625047390567
4488,3877,4,0.4854310454026715
4489,3878,3,0.10510786707220102
449,3879,5,0.6252986468820008
4490,3880,3,0.3287077606507304
4491,3881,4,0.6650805889128739
4492,3882,1,0.012931023885368828
4493,3883,3,0.11985164784158897
4494,3884,4,0.5726365039086063
4495,3885,2,0.048981230920029394
4496,3886,4,0.11192415428954208
4497,3887,3,0.31312588525260543
4498,3888,2,0.06831618359665012
4499,3889,5,0.6563096210003593
45,3890,5,0.6911878597921631
450,3891,3,0.3827816473882583
4500,3892,2,0.1322515846534384
4501,3893,4,0.35816980222730166
4502,3894,7,0.8034062522470472
4503,3895,3,0.39171556534912366
4504,3896,4,0.1504373296585967
4505,3897,4,0.20016884982866942
4506,3898,5,0.6786495559190436
4507,3899,1,0.052761375330323754
4508,3900,4,0.2894358213227613
4509,3901,4,0.5169460632187473
451,3902,4,0.2585302836554349
4510,3903,3,0.4829044824023072
4511,3904,4,0.6886291403189184
4512,3905,3,0.5786307731930104
4513,3906,4,0.17944180068603147
4514,3907,5,0.36954679449583305
4515,3908,2,0.34103078420401306
4516,3909,2,0.19702249049043485
4517,3910,4,0.47053858729544795
4518,3911,4,0.6173522350026955
4519,3912,4,0.20843228562085497
452,3913,5,0.5009878539964279
4520,3914,4,0.5031196898935998
4521,3915,4,0.14951770772654582
4522,3916,5,0.33506849662016785
4523,3917,3,0.2725539262705721
4524,3918,2,0.2706156461587641
4525,3919,4,0.39255087033548147
4526,3920,6,0.7839233850900823
4527,3921,4,0.6124607609980699
4528,3922,1,0.21272307092778756
4529,3923,5,0.39701457271110074
453,3924,5,0.4339077128020823
4530,3925,3,0.17548676640131083
4531,3926,4,0.23043563578951987
4532,3927,6,0.5409774609234204
4533,3928,4,0.6373842130434817
4534,3929,4,0.18748284125858344
4535,3930,4,0.26923482010448063
4536,3931,2,0.289987955003117
4537,3932,5,0.34444233901718735
4538,3933,6,0.5481029322589958
4539,3934,3,0.27007028967758395
454,3935,5,0.34699856333461093
4540,3936,6,0.37825141607334695
4541,3937,4,0.4511824326359669
4542,3938,3,0.4105016551928956
4543,3939,3,0.2826735764003187
4544,3940,4,0.6103477420172962
4545,3941,4,0.5475694746965586
4546,3942,3,0.22448384258566134
4547,3943,3,0.28848908339988655
4548,3944,4,0.09144474188621608
4549,3945,4,0.21666517553423678
455,3946,3,0.2870483438725437
4550,3947,5,0.435510145585802
4551,3948,5,0.4067663466088582
4552,3949,3,0.5802868205400746
4553,3950,5,0.6834334536827069
4554,3951,5,0.5915985900628231
4555,3952,5,0.534961132071636
4556,3953,4,0.7968730900335232
4557,3954,4,0.4599036608547501
4558,3955,5,0.3894008824642329
4559,3956,4,0.4552425217568092
456,3957,4,0.164133551467501
4560,3958,4,0.3888164789046717
4561,3959,1,0.08323208006594207
4562,3960,4,0.8856226763881404
4563,3961,3,0.44100766126506485
4564,3962,4,0.19051491821522157
4565,3963,4,0.3047270219159088
4566,3964,2,0.16757071085208866
4567,3965,4,0.40455213889138997
4568,3966,7,0.7699515139436701
4569,3967,3,0.4164522290091323
457,3968,4,0.3347634405791719
4570,3969,7,0.6532789713986658
4571,3970,2,0.367810646838042
4572,3971,2,0.20336425722405638
4573,3972,4,0.34599744244325364
4574,3973,5,0.41997562514375275
4575,3974,5,0.3328983511921715
4576,3975,3,0.14740049403538324
4577,3976,3,0.593267566628783
4578,3977,4,0.2613753479610196
4579,3978,1,0.16296000733113555
458,3979,4,0.44428500479250893
4580,3980,4,0.29600270703298487
4581,3981,4,0.3682278062464262
4582,3982,3,0.493350690734903
4583,3983,4,0.4414098141450281
4584,3984,4,0.137976770907081
4585,3985,2,0.18038439475934218
4586,3986,2,0.26037981899230206
4587,3987,4,0.5050840067173148
4588,3988,3,0.17304932207330567
4589,3989,3,0.2032076106948319
459,3990,2,0.09355413188114885
4590,3991,3,0.3002262889667053
4591,3992,1,0.14881264373806052
4592,3993,4,0.3939940329159292
4593,3994,5,0.5949041170831555
4594,3995,4,0.21474139030744424
4595,3996,2,0.38432670451620354
4596,3997,2,0.18098347810063622
4597,3998,6,0.3991746889469932
4598,3999,2,0.26402076091593685
4599,4000,3,0.24372247941600406
46,4001,3,0.29487622093402477
460,4002,4,0.4015389839217783
4600,4003,3,0.36650767956439473
4601,4004,4,0.22994703284136603
4602,4005,4,0.32298389518331566
4603,4006,2,0.19875611898285356
4604,4007,4,0.30857776320083036
4605,4008,3,0.22412886187024172
4606,4009,2,0.24520792897412375
4607,4010,3,0.3170642852650299
4608,4011,2,0.2393316843077258
4609,4012,2,0.3563942709242531
461,4013,4,0.48266542806068147
4610,4014,4,0.4064903526784659
4611,4015,4,0.3237976056921805
4612,4016,2,0.30267770856247317
4613,4017,2,0.36094521602707186
4614,4018,2,0.300637552589618
4615,4019,4,0.3650219003589583
4616,4020,5,0.4984487986882308
4617,4021,3,0.2660984333440689
4618,4022,4,0.29023454124530906
4619,4023,4,0.5477744907673698
462,4024,4,0.3424544547031924
4620,4025,3,0.5488222652597681
4621,4026,4,0.4431253380872995
4622,4027,2,0.4125306977410832
4623,4028,4,0.40613697060562315
4624,4029,3,0.38817907477904734
4625,4030,4,0.4681585072685413
4626,4031,3,0.4344572710242293
4627,4032,4,0.4887239455426352
4628,4033,4,0.4818382237818925
4629,4034,3,0.4494755746554079
463,4035,3,0.2001763763474424
4630,4036,3,0.25194275580315634
4631,4037,4,0.2779873303319173
4632,4038,3,0.4427666955167002
4633,4039,3,0.48123264018339235
4634,4040,4,0.5548818176282486
4635,4041,4,0.553828158107843
4636,4042,2,0.10804344133884937
4637,4043,5,0.5875798347298548
4638,4044,5,0.7041585902803446
4639,4045,4,0.2066951789655378
464,4046,4,0.4185839114054316
4640,4047,4,0.5006037357055458
4641,4048,3,0.6072948046054839
4642,4049,2,0.09163746740150816
4643,4050,4,0.23774670298971257
4644,4051,6,0.5658836056630091
4645,4052,4,0.14424633364919315
4646,4053,4,0.6045723344192847
4647,4054,2,0.38025092784724834
4648,4055,4,0.23801417778390183
4649,4056,4,0.4628117396937057
465,4057,3,0.16535317130017674
4650,4058,4,0.3964772438439273
4651,4059,2,0.28781092271759723
4652,4060,5,0.6002053248293104
4653,4061,3,0.3852525946735951
4654,4062,3,0.24876923153918762
4655,4063,4,0.648058424314189
4656,4064,4,0.288145288333674
4657,4065,4,0.4304994650082276
4658,4066,4,0.8284095658305165
4659,4067,4,0.2796282623183485
466,4068,4,0.776920573699663
4660,4069,5,0.6455054235964701
4661,4070,4,0.4889947074154065
4662,4071,4,0.5655779670325969
4663,4072,4,0.4090948180274124
4664,4073,4,0.5250034897390444
4665,4074,2,0.29364184945067917
4666,4075,4,0.4481120740373682
4667,4076,4,0.3208276870839471
4668,4077,3,0.26656427978432706
4669,4078,3,0.18543942930734836
467,4079,4,0.8630756821028156
4670,4080,5,0.2893979182733465
4671,4081,5,0.46857351512859363
4672,4082,4,0.3798678740706137
4673,4083,3,0.3064180692536403
4674,4084,3,0.2958210283329592
4675,4085,2,0.0982255894989547
4676,4086,4,0.7071576321257516
4677,4087,2,0.37567208182228923
4678,4088,2,0.12285108443712275
4679,4089,5,0.29360011044217366
468,4090,3,0.2267098641940606
4680,4091,4,0.5186049990998465
4681,4092,4,0.33387418435459026
4682,4093,5,0.4023940065993792
4683,4094,4,0.39514294424286056
4684,4095,6,0.6558997001063358
4685,4096,5,0.2739429102640484
4686,4097,3,0.3751038690834031
4687,4098,2,0.1314376237443039
4688,4099,4,0.6636138867178173
4689,4100,4,0.658685467529628
469,4101,3,0.40036845949158745
4690,4102,6,0.7461544435156169
4691,4103,5,0.6549029272393115
4692,4104,2,0.25296283291921495
4693,4105,4,0.2722867868040866
4694,4106,4,0.27830914497848497
4695,4107,3,0.18568349601469292
4696,4108,4,0.3845715424332451
4697,4109,6,1.1456527284760076
4698,4110,5,0.746039516598227
4699,4111,4,0.53776867294701
47,4112,3,0.3717251400571766
470,4113,3,0.4701334332599093
4700,4114,2,0.19686972054052498
4701,4115,2,0.17234449745906696
4702,4116,4,0.41888321594241995
4703,4117,6,0.31948675503378376
4704,4118,4,0.3640051625495618
4705,4119,2,0.19210430273898932
4706,4120,4,0.4625753291450732
4707,4121,3,0.5531685555780254
4708,4122,3,0.21318657498010035
4709,4123,4,0.5518614680885013
471,4124,4,0.17413251409954375
4710,4125,3,0.49358058948056127
4711,4126,2,0.07749288594512282
4712,4127,4,0.14844000117298964
4713,4128,4,0.5165479906936553
4714,4129,1,0.13562019878449644
4715,4130,4,0.4289209171278784
4716,4131,4,0.2442842598542701
4717,4132,2,0.11988111187114577
4718,4133,3,0.1762907858327097
4719,4134,4,0.30900541521732167
472,4135,4,0.1873358994616478
4720,4136,2,0.1597836099569263
4721,4137,2,0.29659103038592205
4722,4138,4,0.514882373569988
4723,4139,3,0.22837672322905345
4724,4140,3,0.312232381390529
4725,4141,4,0.5179272238403899
4726,4142,5,0.2667729505514063
4727,4143,5,0.32868847652884847
4728,4144,3,0.6999269227907479
4729,4145,3,0.3102105953154667
473,4146,5,0.4479636597446409
4730,4147,4,0.45344852107106143
4731,4148,1,0.11689467304184921
4732,4149,5,0.29799740287677107
4733,4150,5,0.36246998252286206
4734,4151,4,0.22987923527144896
4735,4152,4,0.45833710193429694
4736,4153,4,0.39417531825332147
4737,4154,2,0.2105187462978636
4738,4155,4,0.5224381637054508
4739,4156,3,0.3306949775493699
474,4157,3,0.5442025773686703
4740,4158,2,0.11254886776876524
4741,4159,4,0.24347347415448564
4742,4160,4,0.3448265320725263
4743,4161,4,0.25535681459032683
4744,4162,2,0.28762147812395894
4745,4163,4,0.47758874603512286
4746,4164,4,0.44296960458665885
4747,4165,3,0.15921552127589808
4748,4166,4,0.3303467323593469
4749,4167,5,0.44398865178776686
475,4168,4,0.4427122148671064
4750,4169,2,0.14426758699169176
4751,4170,2,0.2782196818429751
4752,4171,4,0.5728001488480395
4753,4172,2,0.10718208478849935
4754,4173,1,0.13457238130636984
4755,4174,1,0.11032728557025728
4756,4175,2,0.06396401835935975
4757,4176,4,0.5582847894194484
4758,4177,4,0.43731302764929786
4759,4178,5,0.4488850065438503
476,4179,5,0.5811286816363761
4760,4180,4,0.5281415532624172
4761,4181,4,0.2467562720531307
4762,4182,2,0.140050769121613
4763,4183,2,0.2410736300802761
4764,4184,2,0.24037080600277258
4765,4185,2,0.36990379307243254
4766,4186,4,0.2939965906834366
4767,4187,4,0.27839572437151827
4768,4188,2,0.12372860632413613
4769,4189,4,0.31656880993326425
477,4190,6,0.5323075875573032
4770,4191,4,0.47359630959507854
4771,4192,3,0.07535900981424495
4772,4193,4,0.17796976632494516
4773,4194,3,0.13160307754658152
4774,4195,4,0.40785799260091904
4775,4196,3,0.3592712693525153
4776,4197,4,0.14668683573830688
4777,4198,2,0.36981342994714306
4778,4199,3,0.5082545971298178
4779,4200,4,0.30098360489581644
478,4201,6,0.3954590040684749
4780,4202,4,0.20503988753210614
4781,4203,3,0.1984484601355726
4782,4204,2,0.29780375377346613
4783,4205,1,0.06099481813042313
4784,4206,2,0.08932193676181721
4785,4207,3,0.14092519910364754
4786,4208,2,0.02918164165830557
4787,4209,2,0.06054062300716816
4788,4210,2,0.11038426703167913
4789,4211,2,0.11526886154131032
479,4212,7,0.8399834515187344
4790,4213,3,0.18653883925698816
4791,4214,4,0.23257185378454434
4792,4215,4,0.3257677590167836
4793,4216,4,0.4558414038755849
4794,4217,4,0.3646062945836918
4795,4218,3,0.14822863120435342
4796,4219,3,0.22038670588912884
4797,4220,3,0.31612777256520236
4798,4221,3,0.12137130761671616
4799,4222,3,0.12345759426959346
48,4223,1,0.25263187063169645
480,4224,4,0.7811293002585635
4800,4225,2,0.16149583246451046
4801,4226,3,0.46234708008249026
4802,4227,4,0.5649538699259254
4803,4228,2,0.37446403813227214
4804,4229,2,0.042207463370842226
4805,4230,4,0.18527210103572878
4806,4231,2,0.2368767585331349
4807,4232,4,0.298101638729805
4808,4233,4,0.2759362006691754
4809,4234,2,0.30846480645579655
481,4235,5,0.5169290434130752
4810,4236,3,0.1675582301787893
4811,4237,2,0.2125554055817303
4812,4238,4,0.4411811478041097
4813,4239,4,0.4246189427340361
4814,4240,3,0.40936070259039553
4815,4241,4,0.41859007807232257
4816,4242,2,0.15287560258822896
4817,4243,3,0.24510063428848144
4818,4244,3,0.22116619071747728
4819,4245,2,0.08540900755992373
482,4246,5,0.687661387455236
4820,4247,2,0.15272067576085213
4821,4248,1,0.12546916360443092
4822,4249,1,0.06800299255171795
4823,4250,3,0.24396244139462567
4824,4251,4,0.37563736795716435
4825,4252,3,0.16471697549917044
4826,4253,4,0.304687314398458
4827,4254,4,0.3720620283521819
4828,4255,3,0.16413783421236774
4829,4256,3,0.25701420899142846
483,4257,4,0.4311440266081078
4830,4258,3,0.4189320236854213
4831,4259,3,0.07179923289452639
4832,4260,4,0.1787230520870425
4833,4261,4,0.6321186673558317
4834,4262,2,0.1748745960361069
4835,4263,4,0.20801991290431374
4836,4264,4,0.25793014771257816
4837,4265,1,0.03278674068444885
4838,4266,2,0.17568806533739653
4839,4267,3,0.3255366176513498
484,4268,5,0.7109489488871671
4840,4269,5,0.17890152610930157
4841,4270,5,0.5639423960491956
4842,4271,5,0.3024914618065892
4843,4272,2,0.05139091489416696
4844,4273,2,0.12496094252022487
4845,4274,4,0.26550655551921093
4846,4275,2,0.05143820586800972
4847,4276,3,0.11041683213506306
4848,4277,2,0.3176227854138066
4849,4278,2,0.10469680941721482
485,4279,5,0.6067953893345962
4850,4280,4,0.22231558752853395
4851,4281,4,0.4912372925123724
4852,4282,3,0.11946426098958654
4853,4283,6,0.4792553641713319
4854,4284,4,0.4371669772725468
4855,4285,4,0.04476962240896319
4856,4286,4,0.17878746937285975
4857,4287,2,0.2891813523427217
4858,4288,3,0.1483957299168014
4859,4289,4,0.2338916602219489
486,4290,4,0.3770752047129418
4860,4291,4,0.6354641368188904
4861,4292,2,0.12975897612626497
4862,4293,3,0.23796697945809525
4863,4294,4,0.6036033895739749
4864,4295,1,0.018261135850872395
4865,4296,2,0.1703003847233471
4866,4297,1,0.32450690202000143
4867,4298,3,0.26273950751605524
4868,4299,2,0.23041568356720415
4869,4300,1,0.2899409483293588
487,4301,6,0.554164522765859
4870,4302,4,0.18387743647036023
4871,4303,4,0.43244895327445726
4872,4304,4,0.45978798735087867
4873,4305,2,0.07001542450791663
4874,4306,3,0.37898012781983426
4875,4307,4,0.6545878168221593
4876,4308,2,0.060757450531198326
4877,4309,4,0.7760094869270672
4878,4310,5,0.84254670244833
4879,4311,3,0.0974132064489936
488,4312,5,0.7390982064804508
4880,4313,3,0.4216512123506696
4881,4314,2,0.2543600967112317
4882,4315,2,0.07970358332136641
4883,4316,3,0.26559206542462727
4884,4317,5,0.6340203559488835
4885,4318,2,0.07223402083747463
4886,4319,3,0.23414160736645856
4887,4320,3,0.5451705640787281
4888,4321,2,0.05631361578287484
4889,4322,3,0.21892092758488146
489,4323,5,0.5274515540564575
4890,4324,4,0.6675603901712919
4891,4325,3,0.1961056762130555
4892,4326,4,0.3400542733483242
4893,4327,4,0.3989037225426648
4894,4328,2,0.06364151231920194
4895,4329,3,0.2744120915014989
4896,4330,3,0.4073775877508911
4897,4331,2,0.16243403059821415
4898,4332,4,0.23981004866142477
4899,4333,3,0.1619754191836603
49,4334,2,0.2262442267917189
490,4335,4,0.2635160426432331
4900,4336,4,0.13488022051973672
4901,4337,4,0.17192453699872698
4902,4338,3,0.3436552325698494
4903,4339,5,0.6160132810243739
4904,4340,6,0.9270495613737846
4905,4341,3,0.5595068118229761
4906,4342,5,0.4741148923606242
4907,4343,5,0.253291059043059
4908,4344,5,0.22631533740983006
4909,4345,3,0.27963652312486037
491,4346,6,0.5650103563947982
4910,4347,2,0.2032859068086321
4911,4348,3,0.41070638773397755
4912,4349,4,0.1072814370604597
4913,4350,6,0.15256863658701345
4914,4351,4,0.3770158329202651
4915,4352,2,0.04172714968249646
4916,4353,2,0.07452877764334427
4917,4354,3,0.5110423721481611
4918,4355,2,0.10369480765933513
4919,4356,4,0.4624533577021286
492,4357,4,0.48790871043052336
4920,4358,2,0.43394887967012785
4921,4359,6,0.8718212679694066
4922,4360,6,0.7893044043114447
4923,4361,2,0.337482624988284
4924,4362,2,0.14918449284664267
4925,4363,4,0.2001308362468447
4926,4364,3,0.16390939886657416
4927,4365,4,0.2462643137405404
4928,4366,3,0.36543001966025696
4929,4367,2,0.23550195056187767
493,4368,4,0.41049448102341
4930,4369,6,0.538366813301567
4931,4370,7,0.77715479744008
4932,4371,5,0.6933080286462833
4933,4372,5,0.304105554037734
4934,4373,3,0.31443986671940855
4935,4374,4,0.42810304780938824
4936,4375,3,0.10511260167004045
4937,4376,6,0.4320843223580968
4938,4377,4,0.3997144553710763
4939,4378,2,0.069960747045792665
494,4379,4,0.487410775890964
4940,4380,3,0.18620603271233985
4941,4381,2,0.14875023990962816
4942,4382,2,0.12309690130886301
4943,4383,6,0.5876399127423717
4944,4384,5,0.4295228583211827
4945,4385,2,0.08658969193683418
4946,4386,2,0.3332068753722606
4947,4387,4,0.2414404404713429
4948,4388,2,0.0874674052571188
4949,4389,1,0.1399685754302877
495,4390,2,0.35388138109523587
4950,4391,2,0.12398711999336268
4951,4392,2,0.238750408337972
4952,4393,4,0.544950989074584
4953,4394,3,0.43071814168583417
4954,4395,4,0.42579548907828335
4955,4396,5,0.6659278890589122
4956,4397,4,0.5894885011556124
4957,4398,2,0.12867876499222575
4958,4399,3,0.12820500804869092
4959,4400,4,0.09622048687034343
496,4401,4,0.4530461855135873
4960,4402,4,0.20874696419483033
4961,4403,7,0.9506623548701985
4962,4404,4,0.6674985564085048
4963,4405,3,0.4528688647547613
4964,4406,4,0.4388789937317115
4965,4407,2,0.3044234458608687
4966,4408,4,0.11273761750097536
4967,4409,5,0.5361116733871408
4968,4410,2,0.37065130307771355
4969,4411,4,0.5521338208893501
497,4412,4,0.36751304739264096
4970,4413,5,0.5823042396933911
4971,4414,6,1.342258081619092
4972,4415,5,0.26291087257900764
4973,4416,5,0.5807166872432913
4974,4417,4,0.5043929239607066
4975,4418,7,0.38591603943148256
4976,4419,7,0.5488196525890222
4977,4420,4,0.5999875545193931
4978,4421,5,0.17251549801848196
4979,4422,5,0.6112910101364069
498,4423,4,0.42338640311279663
4980,4424,2,0.39432727107982324
4981,4425,3,0.18804056390886842
4982,4426,2,0.1809842800630147
4983,4427,2,0.25028300646640694
4984,4428,3,0.2307498133499981
4985,4429,4,0.3325215252819881
4986,4430,4,0.19608714187388449
4987,4431,5,0.2646210341284914
4988,4432,7,0.807190545220495
4989,4433,5,0.970547537151825
499,4434,3,0.28476800607734215
4990,4435,5,0.34630566782290556
4991,4436,5,0.9979278159389735
4992,4437,2,0.3173530286212382
4993,4438,4,0.34183697126146606
4994,4439,5,0.6873978490584375
4995,4440,2,0.2733820750319309
4996,4441,4,0.17660230901671786
4997,4442,7,0.4499570002079388
4998,4443,4,0.9094143697580452
4999,4444,7,0.28813886967372315
5,4445,9,1.385486829847495
50,4446,6,0.7807772338655683
500,4447,4,0.41176900627314733
5000,4448,7,0.6779047984740669
5001,4449,6,1.78955302363483
5002,4450,1,0.05102455073375047
5003,4451,2,0.15925389948428526
5004,4452,2,0.3034990091411083
5005,4453,2,0.2057047258810994
5006,4454,4,0.32745304133669206
5007,4455,3,0.3083329431355004
5008,4456,3,0.17189726139449962
5009,4457,2,0.10913422946693174
501,4458,4,0.508982358322888
5010,4459,3,0.14302455546692866
5011,4460,1,0.10355701611533678
5012,4461,5,0.4980704293297828
5013,4462,3,0.5783808200409558
5014,4463,4,0.11903430140817127
5015,4464,4,0.21965004558101117
5016,4465,4,0.4080132539410036
5017,4466,2,0.10215206604656579
5018,4467,3,0.3942005533297024
5019,4468,2,0.14425904347914634
502,4469,2,0.20639817960118023
5020,4470,2,0.11112382630571256
5021,4471,3,0.23052280135414951
5022,4472,6,1.4927608588498649
5023,4473,1,0.08376818719882066
5024,4474,5,0.5188137832941595
5025,4475,6,1.47385533344876
5026,4476,2,0.05737898701770954
5027,4477,6,0.9860482935723546
5028,4478,4,0.9044098927579233
5029,4479,5,0.46599777286652255
503,4480,4,0.6065621053307428
5030,4481,8,1.1290546019460181
5031,4482,5,0.9940506891340878
5032,4483,3,0.08421684698438747
5033,4484,4,0.1997984365319789
5034,4485,4,0.3819329564028933
5035,4486,4,0.396084090561734
5036,4487,4,0.3812636605770168
5037,4488,6,1.0168233489314693
5038,4489,3,0.06662706047815345
5039,4490,6,0.7878868298900945
504,4491,5,0.9876568400507111
5040,4492,3,0.8542458164122153
5041,4493,4,0.3480212572723985
5042,4494,6,0.6083704239362171
5043,4495,5,0.954296293352603
5044,4496,2,0.14223807821152679
5045,4497,4,0.7784857640575835
5046,4498,3,0.42706083814162527
5047,4499,4,0.43772570204609457
5048,4500,4,0.44394064800190436
5049,4501,4,0.43919699627863534
505,4502,6,1.13524903023217
5050,4503,7,0.1797208298101842
5051,4504,7,0.739527135480188
5052,4505,4,0.5911991922441477
5053,4506,4,0.25323663178853323
5054,4507,4,0.24057319632822416
5055,4508,4,0.7444791651661328
5056,4509,5,0.2795660827527006
5057,4510,4,0.37848346532291127
5058,4511,4,0.31471222357265316
5059,4512,3,0.16785614293020112
506,4513,5,2.073238000315667
5060,4514,3,0.7915412248209516
5061,4515,5,0.5484914297791604
5062,4516,4,0.3049533238318743
5063,4517,4,0.3340711744888834
5064,4518,3,0.46920770802596456
5065,4519,2,0.1798978311922638
5066,4520,3,0.23443163792980704
5067,4521,4,0.587664170872209
5068,4522,2,0.17804124150902834
5069,4523,7,0.4468772643933274
507,4524,5,1.241064723460945
5070,4525,5,0.7377516359218387
5071,4526,2,0.23573237271597047
5072,4527,5,0.5146221090977954
5073,4528,4,0.5301514666431913
5074,4529,6,0.3985723567351609
5075,4530,3,0.3965900433750412
5076,4531,4,0.5706488832179405
5077,4532,2,0.032240539445192395
5078,4533,2,0.21165104151153036
5079,4534,3,0.24630250051668834
508,4535,2,0.0891374214789843
5080,4536,3,0.4623573973705623
5081,4537,4,0.5642505329063096
5082,4538,5,0.45591660176149573
5083,4539,1,0.0707033198726372
5084,4540,1,0.07235704132589056
5085,4541,3,0.27960912853096614
5086,4542,2,0.06432710394366667
5087,4543,5,0.2838187111608837
5088,4544,7,0.9264832482683092
5089,4545,4,0.49433156467006784
509,4546,6,0.7978647330922293
5090,4547,6,1.26398019760694
5091,4548,4,0.31194158865405447
5092,4549,7,0.629074884891558
5093,4550,6,0.9778363157573533
5094,4551,4,0.575589628348199
5095,4552,4,0.5378566318697146
5096,4553,5,0.806425488325094
5097,4554,3,0.5485686208416675
5098,4555,4,0.2249002460633171
5099,4556,7,0.5086343631658927
51,4557,3,0.6610847821513625
510,4558,8,1.1664584616959566
5100,4559,5,1.1569239379095537
5101,4560,4,0.18012737655625596
5102,4561,4,0.22910181292788864
5103,4562,4,0.4179910553631397
5104,4563,2,0.1578722456987391
5105,4564,4,0.34833628198706207
5106,4565,3,0.5784176445131912
5107,4566,4,0.10493569884787901
5108,4567,5,0.6456057978132768
5109,4568,4,0.8603406016095633
511,4569,4,0.36499960734737635
5110,4570,1,0.08814525353030357
5111,4571,4,0.3156519987425523
5112,4572,5,0.9242960605674606
5113,4573,3,0.130169157784161
5114,4574,5,0.5410238699350265
5115,4575,3,0.4319784633285445
5116,4576,3,0.23880503922740015
5117,4577,3,0.3297434122202554
5118,4578,2,0.3501393329084748
5119,4579,2,0.08024666445344969
512,4580,3,0.5480734859156658
5120,4581,3,0.1462302073794816
5121,4582,5,0.5144757249254016
5122,4583,3,0.08001356500604827
5123,4584,4,0.4404747081333464
5124,4585,4,0.6002694177424369
5125,4586,4,0.11547612886367475
5126,4587,6,0.7965113326903687
5127,4588,6,1.0025750235297537
5128,4589,3,0.12932693806276838
5129,4590,6,0.6322816633042321
513,4591,3,0.4840563568765406
5130,4592,4,0.4582825860487878
5131,4593,4,0.11733658331385302
5132,4594,7,0.8415184607151659
5133,4595,3,0.5901303254602238
5134,4596,5,0.2117181972444076
5135,4597,5,0.523833941346816
5136,4598,5,0.6423060480209721
5137,4599,4,0.09442982742126939
5138,4600,5,0.36469978107413464
5139,4601,3,0.34320577382463263
514,4602,2,0.13555500814324994
5140,4603,4,0.4384579918054066
5141,4604,5,0.8074162986982949
5142,4605,4,0.6167052840298817
5143,4606,4,0.24864953588477348
5144,4607,5,0.535910926951399
5145,4608,4,0.6485362889975161
5146,4609,7,0.40564616994570496
5147,4610,7,0.7555737035239867
5148,4611,4,0.5944338140861172
5149,4612,5,0.3649638378154502
515,4613,7,0.5461926773014781
5150,4614,6,1.2373717363819041
5151,4615,5,1.0403338311348511
5152,4616,4,0.1849377929045371
5153,4617,6,0.6456403996544741
5154,4618,4,0.9349882939031794
5155,4619,4,0.16357273545250514
5156,4620,4,0.3208708695336331
5157,4621,3,0.3035806048617242
5158,4622,3,0.24710484024985674
5159,4623,3,0.46727591190887535
516,4624,7,1.2894347520287048
5160,4625,4,0.38103637475151875
5161,4626,2,0.07250569867273902
5162,4627,4,0.22487702076360375
5163,4628,3,0.31502889090468494
5164,4629,3,0.1772692961228768
5165,4630,3,0.240649752780259
5166,4631,2,0.23517194868255725
5167,4632,4,0.3641782293977224
5168,4633,5,0.4001752814665945
5169,4634,3,0.5070296167031643
517,4635,6,1.4716316915605983
5170,4636,3,0.14692066856397126
5171,4637,4,0.33530731372105266
5172,4638,4,0.5493121958693074
5173,4639,5,0.22081224959800758
5174,4640,3,0.3175704847595793
5175,4641,2,0.2843572604864776
5176,4642,4,0.3147685813386363
5177,4643,3,0.27260686608919077
5178,4644,4,0.42481112772255053
5179,4645,4,0.30284548509201037
518,4646,6,1.5377459887143907
5180,4647,5,0.7876252964517125
5181,4648,4,0.9107661185884275
5182,4649,5,0.77664286348854
5183,4650,6,0.4868580301794731
5184,4651,4,0.3072176073395747
5185,4652,2,0.04740541264071896
5186,4653,3,0.2463178715299609
5187,4654,3,0.6320817994697888
5188,4655,2,0.0759919675075248
5189,4656,5,0.7419602012364626
519,4657,7,1.4280917731935165
5190,4658,4,0.5536225380972205
5191,4659,4,0.16525277425539803
5192,4660,3,0.27241760314871877
5193,4661,4,0.20160831591482906
5194,4662,2,0.1411840715645387
5195,4663,6,0.4907065347029453
5196,4664,4,0.405521536565279
5197,4665,2,0.11468192193893073
5198,4666,4,0.35435335203243723
5199,4667,3,0.3532201186183473
52,4668,4,0.2614902378975861
520,4669,8,1.0249557730892187
5200,4670,3,0.06798933682964894
5201,4671,4,0.6304761433684727
5202,4672,4,0.5187189424390896
5203,4673,3,0.22831572125360342
5204,4674,3,0.5051113020913425
5205,4675,3,0.26952135871051935
5206,4676,4,0.17495161058137965
5207,4677,2,0.21862714357700494
5208,4678,1,0.1717069946964329
5209,4679,4,0.1303702467977025
521,4680,8,0.9495742675814941
5210,4681,3,0.3263910799983997
5211,4682,3,0.5124751129168761
5212,4683,4,0.2798326039731112
5213,4684,4,0.4068471554692314
5214,4685,3,0.41324536106576537
5215,4686,3,0.4057284967398236
5216,4687,5,0.7758535906600635
5217,4688,5,0.7406114379235527
5218,4689,3,0.18543868289369222
5219,4690,6,0.8394888631655745
522,4691,5,0.6147331203952562
5220,4692,4,0.6860874352349169
5221,4693,1,0.08292677165875242
5222,4694,4,0.29746235648338115
5223,4695,4,0.6811544040767138
5224,4696,2,0.10431683637809228
5225,4697,3,0.1624642788666878
5226,4698,8,1.5506784662589213
5227,4699,4,0.700796692739582
5228,4700,5,1.1433938824594811
5229,4701,6,0.9765940143598911
523,4702,5,1.0013076582964309
5230,4703,3,0.15480612123948614
5231,4704,4,0.1924745732268093
5232,4705,3,0.7112014835976226
5233,4706,5,0.4665177412969337
5234,4707,2,0.4978688147297634
5235,4708,3,0.4076444420927523
5236,4709,4,0.6246888276137055
5237,4710,4,0.6555912403891246
5238,4711,5,1.7946634286877357
5239,4712,2,0.21161951109285554
524,4713,4,0.6062263964668898
5240,4714,5,0.7090014510080939
5241,4715,8,1.4817276634034662
5242,4716,3,0.2869485022015848
5243,4717,3,0.3687253998704316
5244,4718,2,0.22704294873475644
5245,4719,4,0.2093779095487795
5246,4720,4,0.5905118887294802
5247,4721,5,0.7087807392832441
5248,4722,4,0.11177266661765212
5249,4723,3,0.24758497661900097
525,4724,4,0.3762829191400519
5250,4725,3,0.25993019187162814
5251,4726,4,0.3603935333932912
5252,4727,6,0.9150211998438504
5253,4728,6,0.8679536603322765
5254,4729,8,0.2837747848686134
5255,4730,7,0.7390430692018736
5256,4731,11,3.190619635398718
5257,4732,3,0.06667375914552037
5258,4733,2,0.32891079613041707
5259,4734,4,0.22210319640406248
526,4735,2,0.27419017716942534
5260,4736,3,0.19145626467903823
5261,4737,4,0.4645789461182701
5262,4738,3,0.34919614168754004
5263,4739,2,0.06843567882820337
5264,4740,4,0.24652924523554656
5265,4741,4,0.40076536774648414
5266,4742,2,0.04840620058133817
5267,4743,3,0.2895444647885604
5268,4744,4,0.4447848903768081
5269,4745,3,0.28153582855025544
527,4746,5,0.33332787999756003
5270,4747,4,0.4352553785915081
5271,4748,4,0.280266607061772
5272,4749,6,0.1422080405751717
5273,4750,5,0.6254945342829733
5274,4751,3,0.363139203990243
5275,4752,3,0.08744627214891283
5276,4753,3,0.1401058247872886
5277,4754,2,0.08604388069704841
5278,4755,4,0.2011576107765928
5279,4756,6,0.44094044274213806
528,4757,4,0.3704390176695908
5280,4758,4,0.6620212553414305
5281,4759,4,0.1191816284112697
5282,4760,5,0.5065799667586183
5283,4761,4,0.7424921394953335
5284,4762,3,0.16627556581133
5285,4763,5,0.5025549384207849
5286,4764,3,0.5664613472325162
5287,4765,4,0.27187671033595323
5288,4766,4,0.6259961789783557
5289,4767,4,0.7086106440300332
529,4768,4,0.1786651593703659
5290,4769,4,0.2841971349252233
5291,4770,3,0.5391755046691363
5292,4771,2,0.17932360220294244
5293,4772,4,0.2803358467044003
5294,4773,4,0.31592669234456805
5295,4774,3,0.16472081587041204
5296,4775,2,0.12991723893641455
5297,4776,4,0.4434527522482442
5298,4777,2,0.24164121595262025
5299,4778,2,0.3054853318105329
53,4779,5,0.5952807056401741
530,4780,5,0.633997896535432
5300,4781,4,0.39326865146136336
5301,4782,3,0.19984387945091725
5302,4783,2,0.06529011186127753
5303,4784,4,0.5142128956053954
5304,4785,4,0.3750651590833774
5305,4786,3,0.2403870630245317
5306,4787,5,0.5490303224924108
5307,4788,4,0.5740717056089445
5308,4789,5,0.3599347874245656
5309,4790,4,0.3057220449960651
531,4791,5,0.8521066498307771
5310,4792,3,0.15698139845316092
5311,4793,5,0.30274345779126954
5312,4794,4,0.7320663361779051
5313,4795,3,0.2514728362358515
5314,4796,5,0.286921855190343
5315,4797,3,0.3090903856469472
5316,4798,3,0.21756081575551456
5317,4799,5,0.23220179150202908
5318,4800,5,0.44557576633086243
5319,4801,2,0.40874203532739745
532,4802,2,0.10486337049136549
5320,4803,4,0.31410304565751745
5321,4804,4,0.419995725762504
5322,4805,4,0.5600542907086506
5323,4806,2,0.07507708535309779
5324,4807,4,0.43277011549750094
5325,4808,4,0.3489672277949928
5326,4809,1,0.011923029063683947
5327,4810,5,0.24255962783609752
5328,4811,3,0.6122376603026071
5329,4812,4,0.4626598280033455
533,4813,3,0.22651796965198379
5330,4814,3,0.5431507640441924
5331,4815,4,1.0606474887527337
5332,4816,4,0.11405899865720392
5333,4817,3,0.335321136458353
5334,4818,5,0.3882125195439706
5335,4819,4,0.24376650951433146
5336,4820,4,0.41389893494571467
5337,4821,5,0.9384084607971253
5338,4822,1,0.06476413303698658
5339,4823,5,0.43107519643268283
534,4824,4,0.32434023774378185
5340,4825,3,0.5346255636004186
5341,4826,2,0.07327411199097532
5342,4827,6,0.29665750675547947
5343,4828,4,0.4074726738920011
5344,4829,5,0.14389382459836264
5345,4830,7,0.6004513285623135
5346,4831,7,1.5916952460008467
5347,4832,6,0.47317907719723207
5348,4833,4,0.6661386020789245
5349,4834,10,3.092097385193632
535,4835,4,0.7969627451053466
5350,4836,1,0.03909329566863204
5351,4837,6,0.9433438104627592
5352,4838,5,0.6820139858906593
5353,4839,5,0.6298274236219096
5354,4840,4,0.7635378397571055
5355,4841,4,0.654130399397776
5356,4842,2,0.12373790045131279
5357,4843,5,0.3438031946129898
5358,4844,5,1.158808824182099
5359,4845,4,0.16578342463742185
536,4846,5,0.6432723467650366
5360,4847,6,1.0754996335625058
5361,4848,4,0.9775192482861838
5362,4849,2,0.39768057945227575
5363,4850,6,0.7451658617962551
5364,4851,5,0.5857403774842964
5365,4852,3,0.10556255603097034
5366,4853,5,0.5047429307100085
5367,4854,4,0.2877488167874787
5368,4855,6,0.6677228208465898
5369,4856,5,0.906579763309026
537,4857,5,0.7110165667463346
5370,4858,3,0.35338227922122195
5371,4859,5,0.4969189811634034
5372,4860,5,0.4750451226114154
5373,4861,4,0.40093189400811086
5374,4862,2,0.2045131668237626
5375,4863,4,0.2888098459895098
5376,4864,5,0.44235826302175996
5377,4865,2,0.17849754131609674
5378,4866,2,0.17153721278530606
5379,4867,4,0.5962886806861905
538,4868,8,1.3936319258351155
5380,4869,4,0.24873543884121765
5381,4870,4,0.5160363709341202
5382,4871,4,0.3343340991826117
5383,4872,4,0.08017145513767042
5384,4873,4,0.2828080728218611
5385,4874,3,0.2180921887830973
5386,4875,2,0.1204575546938335
5387,4876,3,0.18042868712602222
5388,4877,2,0.08864304697532875
5389,4878,3,0.2415783279678318
539,4879,6,1.1943646358608855
5390,4880,5,0.3979013224799341
5391,4881,5,1.150432938067001
5392,4882,2,0.06553634934909602
5393,4883,3,0.23075260031104022
5394,4884,3,0.41679392828344985
5395,4885,3,0.3496658054521637
5396,4886,3,0.37509624542640363
5397,4887,4,0.30404420794989007
5398,4888,4,0.3048525625142451
5399,4889,4,0.43560800975667535
54,4890,6,0.8949723447546882
540,4891,5,0.5377934570690454
5400,4892,4,0.287220143847156
5401,4893,3,0.3892540743901691
5402,4894,4,0.5739783494401843
5403,4895,4,0.41425222710020976
5404,4896,4,0.23085299248322808
5405,4897,6,0.636791307455368
5406,4898,5,0.5930209675132226
5407,4899,4,0.42287111375707315
5408,4900,5,0.5678488910212705
5409,4901,2,0.25730937516135405
541,4902,2,0.3545545971705671
5410,4903,4,0.4620330702634764
5411,4904,6,0.6863289955514769
5412,4905,4,1.092168066562425
5413,4906,2,0.16896962668232837
5414,4907,4,0.39456895085209215
5415,4908,3,0.14510383994828574
5416,4909,5,0.6105081974666772
5417,4910,5,0.7024933036338005
5418,4911,4,0.4173148569703866
5419,4912,3,0.5040774218004772
542,4913,5,0.608993044036107
5420,4914,4,0.26222627957490574
5421,4915,4,0.1161376094000688
5422,4916,1,0.16237589317407747
5423,4917,3,0.19996004476822096
5424,4918,2,0.1625484157655825
5425,4919,5,0.5346293956750584
5426,4920,5,0.3940331081560304
5427,4921,4,0.24252408598043754
5428,4922,2,0.2347136134405857
5429,4923,3,0.39709266982131924
543,4924,7,1.2910275464128773
5430,4925,2,0.09596039870353443
5431,4926,2,0.23968546726176554
5432,4927,4,0.38089058995999336
5433,4928,2,0.2027642280779118
5434,4929,2,0.1642632061957794
5435,4930,3,0.15647123599412413
5436,4931,4,0.22015740557747787
5437,4932,2,0.13910392820695952
5438,4933,3,0.11878994236836904
5439,4934,3,0.347190467476204
544,4935,4,0.1893791706652335
5440,4936,4,0.14394350544666373
5441,4937,4,0.2969445582997196
5442,4938,2,0.21220052456297162
5443,4939,2,0.05897712281815164
5444,4940,4,0.2853201871190849
5445,4941,4,0.47386979085578296
5446,4942,1,0.07014181824443631
5447,4943,3,0.4407469596311496
5448,4944,4,0.4075454510877144
5449,4945,2,0.08321594395335358
545,4946,2,0.2571308325361493
5450,4947,2,0.15623169419392746
5451,4948,1,0.11050957890736345
5452,4949,2,0.12193952263381133
5453,4950,4,0.20369744213153454
5454,4951,2,0.1267548162287317
5455,4952,3,0.2817573804446153
5456,4953,2,0.11499636990146025
5457,4954,4,0.23739860063852294
5458,4955,4,0.19418802223164652
5459,4956,3,0.33351319395234447
546,4957,4,0.5930681422742253
5460,4958,3,0.3474130749114405
5461,4959,3,0.11739405146616494
5462,4960,5,0.47537107989575433
5463,4961,4,0.27092488425473576
5464,4962,5,0.27921583429936836
5465,4963,5,0.5952754935589949
5466,4964,6,1.0605761060142858
5467,4965,6,0.1929190365013768
5468,4966,4,0.6401372396961418
5469,4967,3,0.5821760517986126
547,4968,3,0.2501549146488015
5470,4969,4,0.10915007825946893
5471,4970,4,0.7439257215974906
5472,4971,6,1.0193523661446031
5473,4972,4,0.28326603942885925
5474,4973,4,0.6123043542346549
5475,4974,4,0.30259052682143694
5476,4975,1,0.06993406784249746
5477,4976,3,0.41414989139281083
5478,4977,7,0.8321888122738029
5479,4978,4,0.25083026376963574
548,4979,4,0.33587327472195255
5480,4980,4,0.2098825879144747
5481,4981,3,0.27134664004126524
5482,4982,2,0.05353716401373454
5483,4983,6,0.7339467529062409
5484,4984,6,1.251374560883836
5485,4985,4,0.22635567445744909
5486,4986,5,0.5290072836967366
5487,4987,4,0.6358131649343723
5488,4988,3,0.16971767930879658
5489,4989,4,0.44257465296163384
549,4990,4,0.4425952407912547
5490,4991,5,1.0922469679414986
5491,4992,1,0.03930636769924103
5492,4993,4,0.4006505774316249
5493,4994,5,0.5431477189794817
5494,4995,4,0.2720384888968114
5495,4996,3,0.18176716899121936
5496,4997,2,0.107591040712932
5497,4998,2,0.07006718494084946
5498,4999,3,0.21948323625670163
5499,5000,1,0.17441036413796568
55,5001,3,0.2082563253789169
550,5002,3,0.19103168439881865
5500,5003,2,0.09295830457945824
5501,5004,4,0.3637291982396575
5502,5005,3,0.3010197061620709
5503,5006,1,0.051026382987137214
5504,5007,4,0.26694339614091483
5505,5008,3,0.2901416864162398
5506,5009,1,0.015222423317500268
5507,5010,2,0.13798354902166923
5508,5011,4,0.28254699519097465
5509,5012,3,0.05492514480635016
551,5013,4,0.23570182559474223
5510,5014,6,0.5456593432763994
5511,5015,3,0.75747266275048
5512,5016,2,0.11156740971949336
5513,5017,2,0.28626903878726995
5514,5018,3,0.3234404496283071
5515,5019,4,0.23737084183436874
5516,5020,4,0.5409315394852924
5517,5021,3,0.410217463853594
5518,5022,3,0.14201814428455373
5519,5023,4,0.6211921468302168
552,5024,3,0.26247335365211377
5520,5025,4,0.6929196327005971
5521,5026,5,0.2442337890737575
5522,5027,6,0.7007838785797895
5523,5028,5,1.2148463428574021
5524,5029,11,3.9578814563385736
5525,5030,11,2.641593068388343
5526,5031,10,1.87904567241769
5527,5032,5,0.37133218105408017
5528,5033,6,1.023311198678733
5529,5034,6,0.7874821444330482
553,5035,3,0.07657319683821719
5530,5036,6,0.5373520091725933
5531,5037,7,1.0062993537572715
5532,5038,4,0.3950102971652413
5533,5039,3,0.2862899335046034
5534,5040,4,0.6729598238277735
5535,5041,1,0.07458318432458133
5536,5042,5,0.5813692933068692
5537,5043,8,0.7373794973339545
5538,5044,4,0.5946932937965062
5539,5045,4,0.43394956113490596
554,5046,3,0.19225205616981
5540,5047,2,0.1853763370787538
5541,5048,1,0.1641595177560064
5542,5049,4,0.2439507193729959
5543,5050,4,0.18767835686742929
5544,5051,4,0.16002450776465268
5545,5052,2,0.2621792257638239
5546,5053,2,0.3275372346855455
5547,5054,2,0.2650336571773291
5548,5055,2,0.12613611799448168
5549,5056,4,0.37402747949235693
555,5057,1,0.25896107771481425
5550,5058,4,0.3598304551545365
5551,5059,3,0.22323722367198365
5552,5060,2,0.21951823161610684
5553,5061,4,0.15952575152483103
5554,5062,2,0.0877260488932922
5555,5063,2,0.17433521372616378
5556,5064,4,0.4215377263684622
5557,5065,4,0.4120883963195777
5558,5066,2,0.22177361158363718
5559,5067,1,0.15937405438192823
556,5068,1,0.16435022524376838
5560,5069,4,0.21509051817247407
5561,5070,4,0.2318161835655801
5562,5071,1,0.0553552519528848
5563,5072,3,0.14628931900483866
5564,5073,4,0.18275808748575043
5565,5074,4,0.27485743392233747
5566,5075,2,0.1878553223545836
5567,5076,3,0.28625240293502324
5568,5077,3,0.24945837343066146
5569,5078,4,0.5971103991402864
557,5079,1,0.17361301009531507
5570,5080,4,0.27706325117788305
5571,5081,1,0.20708618228238515
5572,5082,4,0.2747563785957688
5573,5083,2,0.27464857447656926
5574,5084,6,0.4661623237707799
5575,5085,2,0.1270519208187762
5576,5086,2,0.19945564807027086
5577,5087,5,0.4475300521382047
5578,5088,3,0.16392396582894447
5579,5089,4,0.2842417335828809
558,5090,2,0.15997462568808163
5580,5091,4,0.47983892504710085
5581,5092,3,0.3693456320558799
5582,5093,3,0.3783292074706773
5583,5094,3,0.2235607463333283
5584,5095,4,0.2351433037681771
5585,5096,4,0.2668220352242855
5586,5097,6,0.4286172646745521
5587,5098,2,0.11622525310402826
5588,5099,4,0.2517428274711944
5589,5100,4,0.08852995740204815
559,5101,4,0.3336700564981403
5590,5102,3,0.16306342569812712
5591,5103,3,0.22700040982432285
5592,5104,2,0.2099548615159549
5593,5105,1,0.1355710945093526
5594,5106,2,0.2318005700760804
5595,5107,3,0.17060327440652362
5596,5108,2,0.10507894395095287
5597,5109,3,0.07155977343754913
5598,5110,4,0.24036569127677154
5599,5111,2,0.06116436180806538
56,5112,5,0.7027486515260594
560,5113,3,0.2498823384184228
5600,5114,2,0.12135036509618799
5601,5115,4,0.39161637438354185
5602,5116,3,0.09749202193782257
5603,5117,2,0.1478089557719225
5604,5118,3,0.13508481223237523
5605,5119,2,0.05091812662483576
5606,5120,2,0.06182189372472659
5607,5121,4,0.5487324018517579
5608,5122,1,0.055201458138134214
5609,5123,4,0.29848788430857254
561,5124,2,0.12939018856217624
5610,5125,4,0.8101779966712078
5611,5126,5,0.2320941034844278
5612,5127,4,0.27164258813831854
5613,5128,4,0.2901572310620592
5614,5129,2,0.0927504255627109
5615,5130,3,0.40450272059770886
5616,5131,2,0.27137541370401896
5617,5132,3,0.0920194891699236
5618,5133,3,0.3299689864782253
5619,5134,2,0.21210206925894948
562,5135,3,0.1938780282066673
5620,5136,6,0.1622641143565295
5621,5137,2,0.2266265926134261
5622,5138,2,0.19744373345503602
5623,5139,2,0.11863909289073651
5624,5140,3,0.16071387434723583
5625,5141,3,0.4075289971310896
5626,5142,4,0.20257354823187398
5627,5143,2,0.14572483648611084
5628,5144,4,0.3566871677375625
5629,5145,1,0.12937042868890475
563,5146,3,0.4041329735993239
5630,5147,2,0.14295776692690776
5631,5148,4,0.8134480849439898
5632,5149,2,0.06349505532672665
5633,5150,4,0.3493047572659066
5634,5151,4,0.577044955484788
5635,5152,3,0.09075334082143624
5636,5153,6,0.7510340837209377
5637,5154,6,1.716157332029784
5638,5155,4,0.17194567790673795
5639,5156,5,0.719706387067703
564,5157,2,0.3016630476327895
5640,5158,7,1.11686925421754
5641,5159,4,0.2922206352978666
5642,5160,3,0.33980341948506243
5643,5161,3,0.292311081575612
5644,5162,4,0.23922861139363996
5645,5163,4,0.44003936210369493
5646,5164,3,0.1769677594255307
5647,5165,4,0.29755846365391897
5648,5166,5,0.42504742305767534
5649,5167,3,0.4993163471522951
565,5168,4,0.4651785601886664
5650,5169,5,0.2260181862685734
5651,5170,4,0.31293792426842365
5652,5171,4,0.46479555442025333
5653,5172,2,0.1839125421510081
5654,5173,3,0.24673730785487705
5655,5174,1,0.2771791771813771
5656,5175,6,0.2513467912590784
5657,5176,5,0.40811884332231774
5658,5177,4,0.4542477997142248
5659,5178,4,0.4276000402162471
566,5179,4,0.3436964370965753
5660,5180,4,0.43733054084831413
5661,5181,3,0.42004529909561467
5662,5182,4,0.2922163554546035
5663,5183,4,0.610156751876581
5664,5184,3,0.22051958229640395
5665,5185,4,0.2035150099543493
5666,5186,4,0.23443286065118762
5667,5187,4,0.3027518465561983
5668,5188,5,0.3227553752349009
5669,5189,3,0.3721182500048358
567,5190,5,0.24459324191392123
5670,5191,3,0.4523042474388522
5671,5192,4,0.18127826084944693
5672,5193,4,0.3044555747206116
5673,5194,4,0.30764422238868155
5674,5195,2,0.1911654146718575
5675,5196,4,0.3578069873820176
5676,5197,4,0.2627732736599321
5677,5198,2,0.12057700226935299
5678,5199,4,0.3532203498075683
5679,5200,1,0.2576222106376291
568,5201,6,0.2936551527915019
5680,5202,2,0.1161064812062419
5681,5203,5,0.48330262440382177
5682,5204,3,0.584814239802539
5683,5205,3,0.19341775763024696
5684,5206,5,0.3960973728529644
5685,5207,2,0.29559209011197585
5686,5208,3,0.07577841239244497
5687,5209,2,0.17767833101968927
5688,5210,1,0.2398681192709921
5689,5211,4,0.09173703344211434
569,5212,5,0.5085724275834042
5690,5213,6,0.26386019370158004
5691,5214,3,0.330135158872538
5692,5215,2,0.026304959418469394
5693,5216,2,0.12234911236433486
5694,5217,2,0.19818696416125858
5695,5218,3,0.27862198532595167
5696,5219,2,0.27658217579227656
5697,5220,1,0.09063167567679037
5698,5221,2,0.1122027409273962
5699,5222,4,0.2893877838368315
57,5223,8,1.7109922757804557
570,5224,4,0.5224250597532453
5700,5225,3,0.37369083951042775
5701,5226,2,0.24362806226491565
5702,5227,4,0.5231318101075942
5703,5228,4,0.3163220532498935
5704,5229,2,0.04425356914347477
5705,5230,2,0.09370732806765361
5706,5231,3,0.2719025964981878
5707,5232,3,0.12631751989038018
5708,5233,5,0.2754970765050557
5709,5234,4,0.3392809655885091
571,5235,5,1.0429297853241857
5710,5236,1,0.09489519337301705
5711,5237,1,0.12352912630172629
5712,5238,1,0.0455049449642572
5713,5239,2,0.033340411117265226
5714,5240,4,0.28799686191483975
5715,5241,2,0.2672160394434306
5716,5242,4,0.3130232473501783
5717,5243,4,0.1196039719834761
5718,5244,2,0.1396397425916999
5719,5245,4,0.1115027343826529
572,5246,4,0.8394203481842611
5720,5247,4,0.21936131468524792
5721,5248,4,0.6720666624637315
5722,5249,2,0.15579096316514976
5723,5250,4,0.2748745604211927
5724,5251,4,0.29867901933504515
5725,5252,5,0.24926793319994625
5726,5253,4,0.2717902693189394
5727,5254,3,0.46886003937530113
5728,5255,2,0.11276768460305256
5729,5256,4,0.26823241471372444
573,5257,4,0.5921045826209248
5730,5258,3,0.4197875664722917
5731,5259,2,0.15459515751792746
5732,5260,5,0.39868903752195994
5733,5261,5,0.5279175894769459
5734,5262,3,0.1651059044044344
5735,5263,5,0.3364733158042695
5736,5264,5,0.42166133640338493
5737,5265,1,0.05180282072451693
5738,5266,4,0.4152581849098738
5739,5267,4,0.5094182918142509
574,5268,4,0.6063934275329097
5740,5269,2,0.24833337229164298
5741,5270,5,0.63664915324214
5742,5271,4,0.8127795202727364
5743,5272,2,0.04419659145867341
5744,5273,4,0.214898527701024
5745,5274,3,0.5875117846920356
5746,5275,4,0.3979128872544218
5747,5276,4,0.6403402930683756
5748,5277,4,0.9608811481332427
5749,5278,2,0.44375127355031296
575,5279,6,0.7664451490077375
5750,5280,8,1.152625675422418
5751,5281,4,0.8862153961081628
5752,5282,2,0.10865803282375491
5753,5283,5,0.2695715613038976
5754,5284,2,0.3629395510519926
5755,5285,3,0.22116955276527445
5756,5286,2,0.16815491347734046
5757,5287,2,0.23946726880993402
5758,5288,4,0.22340603047213514
5759,5289,4,0.09542300426999993
576,5290,6,1.1402954275436987
5760,5291,4,0.17735312121090083
5761,5292,2,0.07953203582398549
5762,5293,2,0.29209398928854435
5763,5294,2,0.24673955442283635
5764,5295,2,0.06023666618070886
5765,5296,2,0.13851473323932909
5766,5297,4,0.4891672617597501
5767,5298,1,0.03377762467842045
5768,5299,1,0.13183674948664517
5769,5300,3,0.13711054206635878
577,5301,6,0.33016643050323496
5770,5302,2,0.1578703838874076
5771,5303,2,0.22845516774337057
5772,5304,2,0.1556379943782576
5773,5305,2,0.06733232662257893
5774,5306,4,0.06803338620682498
5775,5307,4,0.05866311921019045
5776,5308,3,0.12491606519727137
5777,5309,2,0.20097782222747873
5778,5310,2,0.1720340408649403
5779,5311,4,0.24870954127486963
578,5312,2,0.39069874860057446
5780,5313,5,0.6305573667489408
5781,5314,5,0.6902919724515137
5782,5315,3,0.16887667992753472
5783,5316,4,0.3141925543751557
5784,5317,3,0.4947293920279465
5785,5318,3,0.3826026354528176
5786,5319,4,0.9662764295099974
5787,5320,6,0.9343272660809296
5788,5321,1,0.03485399452064063
5789,5322,1,0.07821072583147301
579,5323,2,0.2577753063847307
5790,5324,3,0.24728153686177656
5791,5325,2,0.00666650035432248
5792,5326,2,0.023530795101312153
5793,5327,4,0.1473525480816244
5794,5328,2,0.1788960702405027
5795,5329,4,0.3185435928190383
5796,5330,4,0.2516982261684233
5797,5331,1,0.038946256543595605
5798,5332,2,0.09122856190496106
5799,5333,2,0.1912656368722186
58,5334,8,0.6856565769822497
580,5335,2,0.27664132365111327
5800,5336,3,0.0639936534102697
5801,5337,2,0.06315306078867944
5802,5338,1,0.12387697908734777
5803,5339,2,0.036180241606206316
5804,5340,2,0.2555463027460409
5805,5341,2,0.2138863542994004
5806,5342,3,0.14488742677408317
5807,5343,4,0.5180402591639366
5808,5344,4,0.4142803885776905
5809,5345,6,0.33759310742404125
581,5346,4,0.5653822770726673
5810,5347,5,0.7936366460646138
5811,5348,4,0.43730523379375447
5812,5349,6,0.3580021877163387
5813,5350,4,0.47975592416370777
5814,5351,2,0.3049603387560348
5815,5352,6,0.6002902780423043
5816,5353,7,0.7714615724998282
5817,5354,3,0.5605823587307598
5818,5355,4,0.3020176436882989
5819,5356,4,0.29974581356024205
582,5357,4,0.45708341534952485
5820,5358,2,0.3985780730705235
5821,5359,1,0.11903063170902689
5822,5360,4,0.29565156684192373
5823,5361,3,0.17217346486246
5824,5362,4,0.026430312134220382
5825,5363,6,0.47666427399756717
5826,5364,4,0.6254829135940057
5827,5365,5,0.5071382965786031
5828,5366,4,1.4249392711587432
5829,5367,5,1.0280025048679673
583,5368,4,0.3375883659764012
5830,5369,5,0.4401375333217473
5831,5370,6,1.0853681555041959
5832,5371,6,0.8587752198220886
5833,5372,6,0.811698656301511
5834,5373,5,1.2710390462472358
5835,5374,6,0.9382442542057858
5836,5375,6,0.5471718872836172
5837,5376,7,0.8759504798446776
5838,5377,4,0.4708418490231162
584,5378,3,0.16736033188928337
585,5379,2,0.2583100546352306
586,5380,2,0.34057293851200415
587,5381,5,0.6652508803273025
588,5382,4,0.21528177312726743
589,5383,5,0.47791943535537273
59,5384,10,1.924094136810733
590,5385,5,0.4916997209075943
591,5386,4,0.4541865297920867
592,5387,5,0.1796242007262486
593,5388,4,0.37295780796169153
594,5389,4,0.7671027115438683
595,5390,5,0.25937223811760374
596,5391,6,0.6068504431229771
597,5392,6,1.3526068634991049
598,5393,6,0.3890801354320388
599,5394,6,0.8257766686673808
6,5395,8,1.5927422706839067
60,5396,10,2.8409639223891823
600,5397,4,0.8238269249079847
601,5398,4,0.39000369894839904
602,5399,2,0.4024354310759625
603,5400,3,0.20957787213536627
604,5401,3,0.5121421531102298
605,5402,2,0.44984763353829266
606,5403,6,0.9392141196511955
607,5404,4,0.36706494323801847
608,5405,5,0.7175520051530994
609,5406,4,0.9651481718440967
61,5407,6,0.48899700154158154
610,5408,2,0.3144203474734494
611,5409,12,3.9843667661138262
612,5410,13,5.093344913921879
613,5411,2,0.09478223649716001
614,5412,4,0.7126856829840691
615,5413,4,0.45415911451509466
616,5414,2,0.13797806718667427
617,5415,4,0.6125826832549662
618,5416,7,1.142337691038508
619,5417,6,0.9636097710979818
62,5418,5,0.6310230201375256
620,5419,8,0.862822095888432
621,5420,4,0.47817832526149234
622,5421,2,0.14445320047202376
623,5422,5,0.4943093168033109
624,5423,5,1.176260039027405
625,5424,3,0.2572707788240891
626,5425,5,1.2136488717192044
627,5426,4,0.5605987754323299
628,5427,2,0.04273569311766093
629,5428,4,0.32662468652457066
63,5429,5,0.49707580850523875
630,5430,4,0.2703208979184692
631,5431,2,0.12936179587936383
632,5432,4,0.3684387204344749
633,5433,5,0.5941767335489402
634,5434,2,0.2694953720762704
635,5435,4,0.5834375699425246
636,5436,3,0.5924847516292701
637,5437,2,0.05189017448682959
638,5438,2,0.15206818725270815
639,5439,2,0.17447078034668181
64,5440,4,0.19210565350608316
640,5441,3,0.19958285119584174
641,5442,2,0.207295889654884
642,5443,5,0.5248333994951088
643,5444,3,0.11899290990382458
644,5445,6,0.7608763956842367
645,5446,6,0.9192726132915173
646,5447,6,0.37337715941245314
647,5448,4,0.3286228574595071
648,5449,4,0.5624406322270477
649,5450,3,0.19062514474572337
65,5451,3,0.43303754558052954
650,5452,2,0.25305431656751143
651,5453,2,0.22958457057124984
652,5454,4,0.11777204326027248
653,5455,4,0.47696744272222585
654,5456,4,0.37716064368851043
655,5457,1,0.09400019245931114
656,5458,2,0.13022942280479252
657,5459,2,0.07747159250314961
658,5460,4,0.2447534512658113
659,5461,4,0.4174786411596158
66,5462,4,1.2476829097253919
660,5463,2,0.1200902055413666
661,5464,4,0.08902367594652894
662,5465,3,0.10753004894169213
663,5466,2,0.07187479554204737
664,5467,5,0.2551277588316898
665,5468,5,0.302620851961323
666,5469,3,0.7269645635628271
667,5470,2,0.1515560738861103
668,5471,6,0.5988999449936263
669,5472,5,0.688881644371257
67,5473,5,0.40846328139594035
670,5474,5,0.2861804582468273
671,5475,4,0.5536355336133421
672,5476,3,0.39298202109781094
673,5477,3,0.1163267900933776
674,5478,4,0.3231748022317477
675,5479,8,1.726297781137429
676,5480,2,0.36380745512667984
677,5481,3,0.36138665184609736
678,5482,2,0.22605959030858935
679,5483,4,0.1571885363059224
68,5484,6,0.9347641544215823
680,5485,4,0.13697236616899724
681,5486,2,0.5834668297793733
682,5487,3,0.2626365967362314
683,5488,4,0.33779472635917013
684,5489,2,0.23890741430439055
685,5490,4,0.22629832331008365
686,5491,3,0.1405692893410577
687,5492,3,0.3598442014026552
688,5493,2,0.15737913313710433
689,5494,7,0.8869448027874199
69,5495,5,0.5680208341546321
690,5496,8,1.4616272758659368
691,5497,3,0.2934382489634495
692,5498,4,0.7796187915261368
693,5499,4,0.6589847205003173
694,5500,4,0.13249619195486015
695,5501,6,0.3486558214647994
696,5502,3,0.3031316601217137
697,5503,3,0.05549379782257556
698,5504,3,0.13220079085728875
699,5505,4,0.8698204600480184
7,5506,2,0.20281614054562475
70,5507,6,0.6520285853773277
700,5508,2,0.03928996450864512
701,5509,2,0.12152884614286338
702,5510,1,0.0893768387747635
703,5511,3,0.18746381802593104
704,5512,6,0.2619776446808488
705,5513,6,1.2601735907881553
706,5514,3,0.25894644023933133
707,5515,4,0.4698046488302943
708,5516,4,0.3315429588931099
709,5517,3,0.0789365078133169
71,5518,5,0.7650528142144201
710,5519,2,0.3839836420833596
711,5520,4,0.6087168486268738
712,5521,6,0.8284912367961974
713,5522,7,1.2036852034767702
714,5523,6,0.9180956530789445
715,5524,2,0.12067629041047578
716,5525,1,0.14722399344387616
717,5526,4,0.7544715924300966
718,5527,2,0.08662475869416315
719,5528,2,0.0925579111443797
72,5529,4,0.7945933212320637
720,5530,3,0.08087386269601196
721,5531,1,0.022173930425711634
722,5532,1,0.05239096192156461
723,5533,1,0.07733475214576312
724,5534,4,0.15825155488658693
725,5535,5,0.6172444466742978
726,5536,4,0.45687147243749154
727,5537,2,0.18647624439736493
728,5538,4,0.7485122736585811
729,5539,5,0.7803633276810839
73,5540,4,0.5349313266622362
730,5541,7,0.5791127767715071
731,5542,8,1.3586080546303934
732,5543,6,1.1465781253309462
733,5544,3,0.10541010011930531
734,5545,2,0.20867324218452737
735,5546,2,0.2250122366636767
736,5547,5,0.24837232986197338
737,5548,6,0.4700555680084749
738,5549,3,0.8165566410179583
739,5550,2,0.06163265922086748
74,5551,6,0.9969481942365241
740,5552,4,0.32919554996653777
741,5553,3,0.27393212592814425
742,5554,3,0.16736512626907296
743,5555,4,0.4271628881496101
744,5556,5,0.9346331452730632
745,5557,4,0.11376623267352026
746,5558,8,0.7167278489955593
747,5559,6,1.290148671568733
748,5560,3,0.25614376216020357
749,5561,9,1.659184317686702
75,5562,6,1.099985280654669
750,5563,6,1.908373996673432
751,5564,3,0.12259505331072906
752,5565,3,0.2407209385638271
753,5566,6,1.2681084718543023
754,5567,3,0.46407325020789486
755,5568,4,0.7831210905348697
756,5569,5,0.8775730387406355
757,5570,4,0.29984078428080785
758,5571,5,0.682493942125968
759,5572,4,0.8240445286921596
76,5573,3,0.47921106876478736
760,5574,3,0.2718026351060415
761,5575,5,0.5606993239827757
762,5576,4,0.6539835399464083
763,5577,2,0.1936736101659246
764,5578,4,0.2686391152714429
765,5579,6,0.8329309487524664
766,5580,4,0.14767125966337266
767,5581,5,0.28562966317504906
768,5582,4,0.5198992032054622
769,5583,2,0.2566457666278861
77,5584,5,0.5219793133459832
770,5585,5,0.5636464068519957
771,5586,5,1.1872738746231157
772,5587,5,0.6079584838833078
773,5588,4,0.5412375541378572
774,5589,2,0.19625790280932934
775,5590,4,0.26158195808483015
776,5591,5,0.7961844028345756
777,5592,5,1.3558781115621148
778,5593,6,0.4471900695622917
779,5594,6,1.4295331287851583
78,5595,5,0.5817431836116024
780,5596,5,1.0485406569041378
781,5597,4,0.33715434140866685
782,5598,5,0.921234696308814
783,5599,5,1.1197147967760164
784,5600,6,0.6837655833052386
785,5601,7,0.9214875252118354
786,5602,6,0.9197257362115756
787,5603,8,0.8530262522516343
788,5604,8,1.7924709608595848
789,5605,7,1.3397806589228711
79,5606,3,0.15009431663537037
790,5607,5,0.6260330530093329
791,5608,4,0.5222463490769743
792,5609,4,0.24770384442298576
793,5610,6,0.3899675657246037
794,5611,6,0.885921269948613
795,5612,4,0.6067484303207854
796,5613,7,0.5257787723088452
797,5614,6,1.0093500293992492
798,5615,3,0.738228389190546
799,5616,3,0.10621899608309138
8,5617,2,0.21984674456396885
80,5618,2,0.16616934369566583
800,5619,4,0.39598187563535964
801,5620,2,0.3491137315441797
802,5621,1,0.09745370232145421
803,5622,1,0.08536363814579194
804,5623,2,0.3449906127236971
805,5624,5,0.9060393007610971
806,5625,5,0.6772377067661358
807,5626,4,0.6185982329312187
808,5627,5,0.8029216393699147
809,5628,8,1.200748012374248
81,5629,2,0.15213125477145817
810,5630,5,0.8087599842845755
811,5631,4,0.7555700051678844
812,5632,7,0.8597529840202487
813,5633,4,0.5840503377459645
814,5634,2,0.21784201874497564
815,5635,3,0.5170560288140519
816,5636,4,0.6458794568245645
817,5637,3,0.6413814841787616
818,5638,4,0.5667961064103793
819,5639,3,0.4154182081586714
82,5640,4,0.17487271151525444
820,5641,4,0.4872446037484034
821,5642,7,0.831870131583761
822,5643,6,1.0253054043188754
823,5644,2,0.20678950355999526
824,5645,4,0.4839519169499991
825,5646,4,0.2736408100938275
826,5647,2,0.09309920153561216
827,5648,6,0.46078183309108456
828,5649,4,0.2592918566112674
829,5650,6,0.14505533772765652
83,5651,4,0.6793658672893597
830,5652,5,0.6805966158366514
831,5653,5,1.364393996261221
832,5654,5,0.3840331748736228
833,5655,5,0.8729508976617444
834,5656,5,1.1296139375666132
835,5657,4,0.378103850417346
836,5658,6,0.7097369066411549
837,5659,4,0.6066969895064896
838,5660,6,0.4882738225281267
839,5661,3,0.5348801009787637
84,5662,4,0.7328349090809407
840,5663,3,0.39178936310002305
841,5664,3,0.29547287353237295
842,5665,4,0.7035922101297605
843,5666,4,0.49906331314326197
844,5667,2,0.4743375786570284
845,5668,5,0.8677198899942526
846,5669,5,1.2536089849968648
847,5670,5,0.46584706599584474
848,5671,5,0.8171765833835767
849,5672,4,0.9306634292295394
85,5673,4,0.10585797508675163
850,5674,7,0.7265301080968034
851,5675,7,0.9771976403866135
852,5676,6,1.117219084804879
853,5677,7,0.6912632977312535
854,5678,7,0.9594154786076616
855,5679,4,0.6921053967810976
856,5680,3,0.30743612343509735
857,5681,6,0.850488113810176
858,5682,6,0.5866896323585685
859,5683,3,0.14740729148088325
86,5684,2,0.5928390362127223
860,5685,4,0.5878177621387544
861,5686,4,0.7343503701692882
862,5687,5,0.3062837309932619
863,5688,6,0.4826160821944916
864,5689,5,0.4257208160913017
865,5690,5,0.3706017070853958
866,5691,9,1.4393215203438248
867,5692,9,1.9710724014700216
868,5693,6,0.6575789898932574
869,5694,8,1.3316804842002405
87,5695,4,1.1236183895644423
870,5696,4,1.0382761639417795
871,5697,4,0.19000027341524622
872,5698,4,0.5722415113155368
873,5699,4,0.6464200393330338
874,5700,6,0.6968828840140462
875,5701,9,1.5499102547894008
876,5702,5,1.350427100186384
877,5703,7,0.7926940407103822
878,5704,6,1.2319793774129146
879,5705,7,1.2478153106194978
88,5706,5,0.3897214161048095
880,5707,4,0.26388277642940067
881,5708,6,0.48718450018060544
882,5709,4,0.35967337851136383
883,5710,5,0.4363784892567209
884,5711,6,1.2923201979536099
885,5712,6,1.3704276708032925
886,5713,4,0.5114262278015704
887,5714,6,1.1712395937351399
888,5715,4,0.9211938920905958
889,5716,5,0.20315652330948789
89,5717,6,0.338623334362272
890,5718,5,0.7918154962977981
891,5719,6,0.951196946478526
892,5720,5,0.3343205664240374
893,5721,6,0.9709051258645081
894,5722,5,0.7121815914723997
895,5723,6,0.6471756512682915
896,5724,8,0.9296024706293515
897,5725,8,1.1777378311756692
898,5726,5,0.25906860222396466
899,5727,8,1.6851540286330737
9,5728,3,0.4471805490667426
90,5729,7,2.3334609549328196
900,5730,7,0.9958437332594958
901,5731,4,0.3742561931086544
902,5732,5,0.6177214377474664
903,5733,5,0.9901697823643536
904,5734,1,0.08186676156772026
905,5735,4,0.7411133649476206
906,5736,6,1.1807616795097429
907,5737,3,0.17169945060999472
908,5738,4,0.6345640291233905
909,5739,4,0.6209936943135811
91,5740,7,0.35677606586984734
910,5741,6,0.4866235978528023
911,5742,5,0.6865300779689291
912,5743,4,0.7563049012526127
913,5744,4,0.3906702335772657
914,5745,4,0.671372767071807
915,5746,5,0.5274594652730632
916,5747,3,0.5369660677322153
917,5748,4,0.5900572048428523
918,5749,4,0.43825256419380965
919,5750,4,0.5379579205661583
92,5751,7,1.0978262716361804
920,5752,4,0.7781727093586749
921,5753,6,0.8657519860148377
922,5754,6,0.7504553295589218
923,5755,6,1.2639222731132236
924,5756,6,0.9126520475660033
925,5757,4,0.3036287264647592
926,5758,6,0.8276039163772821
927,5759,5,0.4938453368735665
928,5760,4,0.4727929072499141
929,5761,8,1.0677203324553564
93,5762,7,1.9499216403267075
930,5763,7,1.183243997565993
931,5764,6,0.32045110180583974
932,5765,5,0.5722261642946346
933,5766,3,0.971931250268007
934,5767,2,0.10004693849561679
935,5768,4,0.4432296611305052
936,5769,4,0.618806687619596
937,5770,3,0.2348714881967992
938,5771,4,0.459916313925763
939,5772,3,0.43382113281405305
94,5773,2,0.1951710869385882
940,5774,3,0.27263703596497285
941,5775,5,0.6277980128010908
942,5776,4,0.6634722285006718
943,5777,1,0.12910343034950064
944,5778,8,1.1550100628290558
945,5779,8,1.616185348959744
946,5780,3,0.2978823661520199
947,5781,5,0.8086827356284935
948,5782,6,1.1958516847988696
949,5783,2,0.06356948524997812
95,5784,6,1.0402737042739205
950,5785,6,0.7783645533680184
951,5786,5,0.5618565946988303
952,5787,4,0.1339010009501237
953,5788,5,0.6775139049007017
954,5789,4,0.6189166699534889
955,5790,2,0.12060239266838443
956,5791,6,0.7203658517461471
957,5792,4,0.6080173460361289
958,5793,3,0.06770627170260417
959,5794,6,0.9242240785505694
96,5795,8,1.7660734356019911
960,5796,4,1.0524418927636146
961,5797,3,0.07880430247088335
962,5798,5,0.6057583646129872
963,5799,4,0.7052124469922003
964,5800,2,0.18589787679036218
965,5801,4,0.6220777086600773
966,5802,6,0.701255896160919
967,5803,7,0.8573865125578005
968,5804,10,2.6936254610890025
969,5805,5,1.0037987572636873
97,5806,4,0.4602303261421068
970,5807,7,1.4074870734785925
971,5808,8,2.5270214053793345
972,5809,7,1.739471179464966
973,5810,9,1.8822272458751235
974,5811,7,1.9894856685182418
975,5812,7,1.4650195603290594
976,5813,4,0.4591932889615843
977,5814,9,1.7017347545892203
978,5815,8,2.7002248329912977
979,5816,4,1.0074266675516719
98,5817,7,1.2941932793519326
980,5818,7,1.9867198139707436
981,5819,17,6.680211708169369
982,5820,12,2.464039429427681
983,5821,11,2.867819975191103
984,5822,4,0.537234031420483
985,5823,6,1.206485578222472
986,5824,9,2.1241156063230613
987,5825,3,1.2508217830856192
988,5826,10,3.57501557324336
989,5827,12,3.2801675523039955
99,5828,7,1.8970176378413435
990,5829,8,2.9382643821943604
991,5830,9,2.6530267044210185
992,5831,7,1.8098830879037822
993,5832,6,0.9575963363170594
994,5833,17,4.951898748731485
995,5834,18,4.912358188060606
996,5835,11,3.695650869142463
997,5836,9,3.0075664197974223
998,5837,12,3.0172452492968
999,5838,9,3.3792882651578955
